Description,Total_Revenue
"PAPER CRAFT , LITTLE BIRDIE",168469.6
REGENCY CAKESTAND 3 TIER,142264.75
WHITE HANGING HEART T-LIGHT HOLDER,100392.1
JUMBO BAG RED RETROSPOT,85040.54
MEDIUM CERAMIC TOP STORAGE JAR,81416.73
POSTAGE,77803.96
PARTY BUNTING,68785.23
ASSORTED COLOUR BIRD ORNAMENT,56413.03
Manual,53419.93
RABBIT NIGHT LIGHT,51251.24
CHILLI LIGHTS,46265.11
PAPER CHAIN KIT 50'S CHRISTMAS ,42584.13
PICNIC BASKET WICKER 60 PIECES,39619.5
BLACK RECORD COVER FRAME,39045.8
JUMBO BAG PINK POLKADOT,37254.36
DOORMAT KEEP CALM AND COME IN,35880.85
SPOTTY BUNTING,35509.55
WOOD BLACK BOARD ANT WHITE FINISH,34414.71
SET OF 3 CAKE TINS PANTRY DESIGN ,33298.3
JAM MAKING SET WITH JARS,32616.22
JUMBO BAG STRAWBERRY,30569.32
VICTORIAN GLASS HANGING T-LIGHT,28735.36
HEART OF WICKER LARGE,28479.65
HEART OF WICKER SMALL,28217.09
LUNCH BAG RED RETROSPOT,27868.8
SET OF 3 REGENCY CAKE TINS,26566.28
JUMBO BAG APPLES,26426.3
ALARM CLOCK BAKELIKE RED ,25868.95
PAPER CHAIN KIT VINTAGE CHRISTMAS,25639.77
DOORMAT RED RETROSPOT,25364.85
GIN + TONIC DIET METAL SIGN,24944.88
ROSES REGENCY TEACUP AND SAUCER ,24827.25
SPACEBOY LUNCH BOX ,24673.14
HOT WATER BOTTLE KEEP CALM,24302.55
JUMBO BAG ALPHABET,24160.44
NATURAL SLATE HEART CHALKBOARD ,24089.17
PLEASE ONE PERSON METAL SIGN,23865.82
RED  HARMONICA IN BOX ,23756.43
JUMBO  BAG BAROQUE BLACK WHITE,23630.58
DOORMAT UNION FLAG,23622.54
CHOCOLATE HOT WATER BOTTLE,23584.64
POPCORN HOLDER,23417.51
REGENCY TEAPOT ROSES ,23033.52
BAKING SET 9 PIECE RETROSPOT ,22953.1
DOORMAT NEW ENGLAND,22783.8
CREAM HEART CARD HOLDER,22687.92
VINTAGE UNION JACK MEMOBOARD,22679.28
RED HANGING HEART T-LIGHT HOLDER,22595.19
SET OF TEA COFFEE SUGAR TINS PANTRY,22109.08
ROUND SNACK BOXES SET OF4 WOODLAND ,22101.77
JUMBO STORAGE BAG SUKI,21784.84
DOORMAT FAIRY CAKE,21171.79
JAM MAKING SET PRINTED,21147.55
VINTAGE UNION JACK BUNTING,20945.16
JUMBO BAG VINTAGE LEAF,20921.55
ALARM CLOCK BAKELIKE GREEN,20839.15
RECIPE BOX PANTRY YELLOW DESIGN,20838.62
EDWARDIAN PARASOL NATURAL,20672.91
JUMBO BAG VINTAGE DOILY ,20641.4
SET OF 6 SPICE TINS PANTRY DESIGN,20482.6
CREAM SWEETHEART MINI CHEST,20448.17
RETROSPOT TEA SET CERAMIC 11 PC ,20426.23
COOK WITH WINE METAL SIGN ,20232.13
JUMBO SHOPPER VINTAGE RED PAISLEY,20116.38
DOLLY GIRL LUNCH BOX,20104.09
SCOTTIE DOG HOT WATER BOTTLE,20049.9
WOODEN PICTURE FRAME WHITE FINISH,19945.45
DOORMAT HEARTS,19924.66
RED TOADSTOOL LED NIGHT LIGHT,19831.71
LUNCH BOX I LOVE LONDON,19316.17
DOORMAT FANCY FONT HOME SWEET HOME,19149.07
JUMBO BAG OWLS,19047.02
PAPER BUNTING RETROSPOT,18785.99
ALARM CLOCK BAKELIKE PINK,18539.09
JUMBO BAG PINK VINTAGE PAISLEY,18427.9
LUNCH BAG APPLE DESIGN,18220.5
LUNCH BAG  BLACK SKULL.,17950.3
RED RETROSPOT CAKE STAND,17918.8
GREEN REGENCY TEACUP AND SAUCER,17735.54
JUMBO BAG 50'S CHRISTMAS ,17636.04
WOODEN FRAME ANTIQUE WHITE ,17583.77
ROUND SNACK BOXES SET OF 4 FRUITS ,17569.59
ROTATING SILVER ANGELS T-LIGHT HLDR,17554.27
HOMEMADE JAM SCENTED CANDLES,17504.2
GUMBALL COAT RACK,17488.55
FAIRY CAKE FLANNEL ASSORTED COLOUR,17291.57
GROW A FLYTRAP OR SUNFLOWER IN TIN,17226.2
LUNCH BAG CARS BLUE,17214.53
JUMBO BAG DOILEY PATTERNS,16737.1
COLOUR GLASS. STAR T-LIGHT HOLDER,16566.34
SET/5 RED RETROSPOT LID GLASS BOWLS,16537.13
PACK OF 72 RETROSPOT CAKE CASES,16381.88
LUNCH BAG PINK POLKADOT,16303.3
HAND WARMER OWL DESIGN,16113.73
ASSORTED COLOURS SILK FAN,16044.44
MINI PAINT SET VINTAGE ,16039.24
RETROSPOT HEART HOT WATER BOTTLE,15827.18
LUNCH BAG SPACEBOY DESIGN ,15820.15
JUMBO BAG WOODLAND ANIMALS,15511.6
HOME BUILDING BLOCK WORD,15504.51
HAND OVER THE CHOCOLATE   SIGN ,15484.51
HOT WATER BOTTLE TEA AND SYMPATHY,15386.07
LUNCH BAG SUKI DESIGN ,15332.9
JUMBO BAG SPACEBOY DESIGN,15320.75
EDWARDIAN PARASOL BLACK,15218.67
ANTIQUE SILVER T-LIGHT GLASS,15176.42
6 RIBBONS RUSTIC CHARM,14969.84
PINK REGENCY TEACUP AND SAUCER,14663.29
IVORY KITCHEN SCALES,14638.73
JUMBO BAG SCANDINAVIAN BLUE PAISLEY,14626.73
WOOD 2 DRAWER CABINET WHITE FINISH,14573.72
LUNCH BAG WOODLAND,14497.51
SET OF 4 PANTRY JELLY MOULDS,14151.42
SMALL POPCORN HOLDER,13789.37
CHILDRENS CUTLERY POLKADOT PINK,13788.3
HOT WATER BOTTLE I AM SO POORLY,13685.13
WORLD WAR 2 GLIDERS ASSTD DESIGNS,13558.41
DOORMAT ENGLISH ROSE ,13447.1
PAPER CHAIN KIT EMPIRE,13411.55
RED WOOLLY HOTTIE WHITE HEART.,13311.26
BREAD BIN DINER STYLE IVORY,13131.89
BOX OF VINTAGE ALPHABET BLOCKS,13035.66
JUMBO BAG PEARS,13034.92
SET/4 WHITE RETRO STORAGE CUBES ,13007.15
SET OF 10 LED DOLLY LIGHTS,12972.73
VINTAGE CHRISTMAS BUNTING,12960.12
LOVE HOT WATER BOTTLE,12954.75
HOT BATHS METAL SIGN,12731.34
HANGING HEART JAR T-LIGHT HOLDER,12650.97
SET 7 BABUSHKA NESTING BOXES,12639.79
CLOTHES PEGS RETROSPOT PACK 24 ,12525.21
GARDENERS KNEELING PAD KEEP CALM ,12463.78
MEMO BOARD RETROSPOT  DESIGN,12411.02
BLACK HEART CARD HOLDER,12257.95
RED RETROSPOT MINI CASES,12208.85
HAND WARMER SCOTTY DOG DESIGN,12204.66
3 HOOK PHOTO SHELF ANTIQUE WHITE,12160.08
GREY HEART HOT WATER BOTTLE,12148.9
PLASTERS IN TIN SPACEBOY,12138.6
CHRISTMAS LIGHTS 10 REINDEER,12133.0
ASSORTED COLOUR MINI CASES,12107.51
HAND WARMER BIRD DESIGN,12064.63
DOORMAT SPOTTY HOME SWEET HOME,12055.32
LUNCH BAG ALPHABET DESIGN,11994.41
PAPER CHAIN KIT RETROSPOT,11935.31
RECYCLING BAG RETROSPOT ,11913.03
DOTCOM POSTAGE,11906.36
RED KITCHEN SCALES,11836.23
FELTCRAFT CUSHION OWL,11756.8
FELTCRAFT DOLL MOLLY,11748.24
PINK HAPPY BIRTHDAY BUNTING,11666.35
PLASTERS IN TIN WOODLAND ANIMALS,11620.93
PINK BLUE FELT CRAFT TRINKET BOX,11619.39
DOUGHNUT LIP GLOSS ,11615.7
PACK OF 60 PINK PAISLEY CAKE CASES,11611.0
REGENCY SUGAR BOWL GREEN,11567.24
WOODEN ROUNDERS GARDEN SET ,11561.34
FELTCRAFT 6 FLOWER FRIENDS,11549.59
DOORMAT WELCOME PUPPIES,11536.25
IVORY DINER WALL CLOCK,11527.7
ENAMEL FLOWER JUG CREAM,11421.13
LOVE BUILDING BLOCK WORD,11398.71
WOOD S/3 CABINET ANT WHITE FINISH,11343.2
RED DINER WALL CLOCK,11048.89
STRAWBERRY CERAMIC TRINKET BOX,10883.02
JUMBO STORAGE BAG SKULLS,10865.83
PICNIC BASKET WICKER LARGE,10799.0
FELTCRAFT CUSHION RABBIT,10672.31
METAL SIGN TAKE IT OR LEAVE IT ,10638.45
VINTAGE SNAP CARDS,10441.47
TEA TIME PARTY BUNTING,10430.4
RED RETROSPOT PICNIC BAG,10365.76
LUNCH BAG VINTAGE DOILY ,10347.66
LUNCH BAG DOLLY GIRL DESIGN,10330.99
LUNCH BAG DOILEY PATTERN ,10323.05
ALARM CLOCK BAKELIKE IVORY,10259.36
PAPER BUNTING WHITE LACE,10243.4
RED RETROSPOT UMBRELLA,10217.72
WHITE SKULL HOT WATER BOTTLE ,10215.47
BAKING SET SPACEBOY DESIGN,10210.89
REGENCY TEA PLATE ROSES ,10170.99
CLASSIC METAL BIRDCAGE PLANT HOLDER,10123.16
RED RETROSPOT CHARLOTTE BAG,10122.45
BLUE HAPPY BIRTHDAY BUNTING,10096.62
SOLDIERS EGG CUP ,10070.22
TRADITIONAL WOODEN SKIPPING ROPE,9998.32
LUNCH BAG VINTAGE LEAF DESIGN,9950.35
GARDENERS KNEELING PAD CUP OF TEA ,9933.69
WOODEN UNION JACK BUNTING,9928.83
CHILDRENS CUTLERY POLKADOT BLUE,9827.25
DOORMAT BLACK FLOCK ,9797.75
JUMBO BAG VINTAGE CHRISTMAS ,9742.1
SET/20 RED RETROSPOT PAPER NAPKINS ,9649.99
ICE CREAM SUNDAE LIP GLOSS,9638.16
FELTCRAFT CUSHION BUTTERFLY,9632.98
DOORMAT HOME SWEET HOME BLUE ,9619.99
CHILDRENS CUTLERY RETROSPOT RED ,9603.68
BREAD BIN DINER STYLE RED ,9597.31
PLASTERS IN TIN CIRCUS PARADE ,9588.71
LONDON BUS COFFEE MUG,9582.15
NO SINGING METAL SIGN,9571.5
COLOUR GLASS T-LIGHT HOLDER HANGING,9566.51
WOODEN CROQUET GARDEN SET,9555.98
HAND WARMER UNION JACK,9516.96
DOORMAT WELCOME TO OUR HOME,9451.58
PLASTERS IN TIN STRONGMAN,9444.14
SET/3 RED GINGHAM ROSE STORAGE BOX,9401.82
15CM CHRISTMAS GLASS BALL 20 LIGHTS,9374.7
KNITTED UNION FLAG HOT WATER BOTTLE,9313.17
TRADITIONAL KNITTING NANCY,9294.57
TRADITIONAL MODELLING CLAY,9281.47
PHOTO FRAME CORNICE,9277.28
ANTIQUE SILVER TEA GLASS ENGRAVED,9271.84
SET OF 4 KNICK KNACK TINS DOILY ,9237.3
BLUE HARMONICA IN BOX ,9218.88
FAWN BLUE HOT WATER BOTTLE,9196.05
REGENCY TEA PLATE GREEN ,9184.9
PANTRY ROLLING PIN,9180.53
RED RETROSPOT ROUND CAKE TINS,9178.3
WOODEN SCHOOL COLOURING SET,9064.62
EDWARDIAN PARASOL RED,9055.87
REGENCY MILK JUG PINK ,8995.0
REVOLVER WOODEN RULER ,8944.44
3 TIER CAKE TIN RED AND CREAM,8737.78
STRAWBERRY LUNCH BOX WITH CUTLERY,8721.89
LADIES & GENTLEMEN METAL SIGN,8696.58
SET OF 20 KIDS COOKIE CUTTERS,8676.27
PINK CREAM FELT CRAFT TRINKET BOX ,8617.24
GINGERBREAD MAN COOKIE CUTTER,8615.13
60 TEATIME FAIRY CAKE CASES,8604.62
SET OF 6 SOLDIER SKITTLES,8571.25
AREA PATROLLED METAL SIGN,8548.02
HAND WARMER RED RETROSPOT,8513.52
VINTAGE DOILY JUMBO BAG RED ,8508.22
VINTAGE HEADS AND TAILS CARD GAME ,8500.16
JUMBO BAG PAISLEY PARK,8498.04
ENAMEL BREAD BIN CREAM,8493.5
"""RECORD FRAME 7"""" SINGLE SIZE """,8450.82
FAMILY ALBUM WHITE PICTURE FRAME,8408.14
SWEETHEART CAKESTAND 3 TIER,8366.65
POTTERING IN THE SHED METAL SIGN,8364.64
BOX OF 6 MINI VINTAGE CRACKERS,8345.43
"SET 3 RETROSPOT TEA,COFFEE,SUGAR",8330.12
SET 2 PANTRY DESIGN TEA TOWELS,8310.17
FELTCRAFT BUTTERFLY HEARTS,8308.75
T-LIGHT GLASS FLUTED ANTIQUE,8288.89
SET OF 3 NOTEBOOKS IN PARCEL,8267.25
MULTI COLOUR SILVER T-LIGHT HOLDER,8259.25
BOX OF 6 MINI 50'S CRACKERS,8169.48
HANGING JAM JAR T-LIGHT HOLDER,8164.12
LARGE WHITE HEART OF WICKER,8137.5
VINTAGE RED KITCHEN CABINET,8125.0
SET 6 PAPER TABLE LANTERN HEARTS ,8110.68
ICE CREAM PEN LIP GLOSS ,8077.31
DOORMAT MULTICOLOUR STRIPE,8045.27
SET OF 6 RIBBONS VINTAGE CHRISTMAS,8040.27
FELTCRAFT PRINCESS CHARLOTTE DOLL,8022.76
3 HEARTS HANGING DECORATION RUSTIC,8013.71
ALARM CLOCK BAKELIKE ORANGE,7984.38
CHILDRENS CUTLERY SPACEBOY ,7966.08
SET OF 72 RETROSPOT PAPER  DOILIES,7943.02
RED METAL BOX TOP SECRET,7920.78
RECIPE BOX RETROSPOT ,7896.85
SET/10 RED POLKADOT PARTY CANDLES,7794.18
TRAVEL SEWING KIT,7779.11
GRAND CHOCOLATECANDLE,7758.95
PICNIC BASKET WICKER SMALL,7728.85
SET OF 3 HEART COOKIE CUTTERS,7719.34
JUMBO BAG TOYS ,7689.28
FELTCRAFT CHRISTMAS FAIRY,7658.93
FAMILY PHOTO FRAME CORNICE,7636.89
ZINC FOLKART SLEIGH BELLS,7631.31
HAND WARMER RED LOVE HEART,7574.1
BLUE DINER WALL CLOCK,7528.93
SET 6 SCHOOL MILK BOTTLES IN CRATE,7495.29
PAINTED METAL PEARS ASSORTED,7454.22
60 CAKE CASES VINTAGE CHRISTMAS,7405.2
SMALL GLASS HEART TRINKET POT,7399.96
PLASTERS IN TIN VINTAGE PAISLEY ,7331.84
OPEN CLOSED METAL SIGN,7296.51
WOODLAND CHARLOTTE BAG,7261.94
PACK OF 12 LONDON TISSUES ,7261.77
CHOCOLATE THIS WAY METAL SIGN,7204.32
WOODEN BOX OF DOMINOES,7200.95
 SET 2 TEA TOWELS I LOVE LONDON ,7190.95
SILVER HANGING T-LIGHT HOLDER,7173.45
PACK OF 6 BIRDY GIFT TAGS,7135.95
SET OF 4 KNICK KNACK TINS DOILEY ,7132.7
CREAM CUPID HEARTS COAT HANGER,7121.23
SET OF 4 KNICK KNACK TINS LONDON ,7116.65
CHARLOTTE BAG SUKI DESIGN,7114.85
CHRISTMAS CRAFT LITTLE FRIENDS,7109.2
ZINC METAL HEART DECORATION,7099.93
FELTCRAFT PRINCESS LOLA DOLL,7095.69
SWEETHEART RECIPE BOOK STAND,7077.9
RED SPOTTY BISCUIT TIN,7071.2
 SPACEBOY BABY GIFT SET,7048.55
FUNKY DIVA PEN,7010.94
36 DOILIES VINTAGE CHRISTMAS,7004.8
RAIN PONCHO RETROSPOT,6962.08
JINGLE BELL HEART ANTIQUE SILVER,6955.8
TRIPLE PHOTO FRAME CORNICE ,6932.83
GIANT 50'S CHRISTMAS CRACKER,6907.52
SWEETHEART CERAMIC TRINKET BOX,6864.61
PACK OF 72 SKULL CAKE CASES,6855.46
GIRAFFE WOODEN RULER,6816.84
NATURAL SLATE CHALKBOARD LARGE ,6813.4
HANGING HEART ZINC T-LIGHT HOLDER,6808.49
SET/2 RED RETROSPOT TEA TOWELS ,6807.01
CLEAR DRAWER KNOB ACRYLIC EDWARDIAN,6803.17
SMALL WHITE HEART OF WICKER,6798.1
WHITE WOOD GARDEN PLANT LADDER,6768.86
VINTAGE CREAM DOG FOOD CONTAINER,6753.85
RETROSPOT PARTY BAG + STICKER SET,6745.93
YOU'RE CONFUSING ME METAL SIGN ,6743.98
VINTAGE DOILY TRAVEL SEWING KIT,6736.2
SET 6 PAPER TABLE LANTERN STARS ,6735.88
RED FLORAL FELTCRAFT SHOULDER BAG,6726.81
SET OF 3 BUTTERFLY COOKIE CUTTERS,6711.0
LUNCH BOX WITH CUTLERY RETROSPOT ,6705.04
HOME SWEET HOME MUG,6698.56
DOORMAT 3 SMILEY CATS,6690.8
CARRIAGE,6686.0
SET 40 HEART SHAPE PETIT FOUR CASES,6677.0
CHILDS BREAKFAST SET SPACEBOY ,6652.0
DOORMAT UNION JACK GUNS AND ROSES,6619.41
CHILDRENS CUTLERY POLKADOT GREEN ,6599.06
ROUND CAKE TIN VINTAGE RED,6576.88
HEART FILIGREE DOVE  SMALL,6574.82
MINT KITCHEN SCALES,6574.29
ROSE COTTAGE KEEPSAKE BOX ,6565.0
CHILDRENS APRON SPACEBOY DESIGN,6560.79
ALARM CLOCK BAKELIKE CHOCOLATE,6559.26
DOLLY GIRL BABY GIFT SET,6534.05
CHILDRENS CUTLERY DOLLY GIRL ,6525.55
SET OF 20 VINTAGE CHRISTMAS NAPKINS,6520.91
PLASTERS IN TIN SKULLS,6461.25
SET OF 12 FAIRY CAKE BAKING CASES,6457.0
LARGE ZINC HEART WALL ORGANISER,6414.48
VICTORIAN SEWING BOX SMALL ,6402.36
BEWARE OF THE CAT METAL SIGN ,6401.93
PICTURE FRAME WOOD TRIPLE PORTRAIT,6378.15
BLACK/BLUE POLKADOT UMBRELLA,6361.99
SET/10 PINK POLKADOT PARTY CANDLES,6346.08
PIGGY BANK RETROSPOT ,6298.37
MEMO BOARD COTTAGE DESIGN,6286.39
METAL 4 HOOK HANGER FRENCH CHATEAU,6267.39
72 SWEETHEART FAIRY CAKE CASES,6252.35
LANDMARK FRAME CAMDEN TOWN ,6244.85
BLUE STRIPE CERAMIC DRAWER KNOB,6239.4
TOY TIDY PINK POLKADOT,6225.38
RETROSPOT LARGE MILK JUG,6217.65
LOVE SEAT ANTIQUE WHITE METAL,6210.0
RED STRIPE CERAMIC DRAWER KNOB,6177.53
BOX OF 6 CHRISTMAS CAKE DECORATIONS,6155.04
SAVE THE PLANET MUG,6150.13
VINTAGE DONKEY TAIL GAME ,6146.89
3 DRAWER ANTIQUE WHITE WOOD CABINET,6124.13
MINI LIGHTS WOODLAND MUSHROOMS,6118.59
HAND WARMER BABUSHKA DESIGN,6118.43
CIRCUS PARADE LUNCH BOX ,6114.83
COFFEE MUG APPLES DESIGN,6108.85
WALL ART CLASSIC PUDDINGS ,6093.49
LARGE CIRCULAR MIRROR MOBILE,6092.05
JINGLE BELL HEART DECORATION,6055.95
CHILDS BREAKFAST SET DOLLY GIRL ,6053.05
AGED GLASS SILVER T-LIGHT HOLDER,6052.0
TEA TIME TEA TOWELS ,6045.0
JUMBO BAG DOLLY GIRL DESIGN,6006.33
SET OF 60 PANTRY DESIGN CAKE CASES ,5974.39
BROCADE RING PURSE ,5969.61
DELUXE SEWING KIT ,5968.67
4 TRADITIONAL SPINNING TOPS,5952.83
CHRISTMAS LIGHTS 10 VINTAGE BAUBLES,5939.28
SET 3 WICKER OVAL BASKETS W LIDS,5922.12
DOORSTOP RETROSPOT HEART,5919.46
PACK OF 60 DINOSAUR CAKE CASES,5919.28
PLACE SETTING WHITE HEART,5912.19
WOODEN HAPPY BIRTHDAY GARLAND,5901.3
RED RETROSPOT PEG BAG,5874.95
SET 2 TEA TOWELS I LOVE LONDON ,5839.75
SET OF 2 TEA TOWELS APPLE AND PEARS,5839.59
CHARLOTTE BAG PINK POLKADOT,5838.09
PINK FAIRY CAKE CHILDRENS APRON,5815.56
RED RETROSPOT SMALL MILK JUG,5804.7
REGENCY TEA PLATE PINK,5793.28
PANTRY WASHING UP BRUSH,5785.71
CHICK GREY HOT WATER BOTTLE,5770.27
WOODEN OWLS LIGHT GARLAND ,5768.6
BISCUIT TIN 50'S CHRISTMAS,5760.52
CANDLEHOLDER PINK HANGING HEART,5739.33
ENGLISH ROSE HOT WATER BOTTLE,5729.66
BOTANICAL GARDENS WALL CLOCK ,5719.0
BINGO SET,5718.21
PANTRY CHOPPING BOARD,5695.86
WHITE METAL LANTERN,5694.28
SOMBRERO ,5691.5
SET OF 6 TEA TIME BAKING CASES,5684.65
LANTERN CREAM GAZEBO ,5676.87
UNION STRIPE WITH FRINGE  HAMMOCK,5674.14
SINGLE HEART ZINC T-LIGHT HOLDER,5663.53
SET OF 2 WOODEN MARKET CRATES,5652.9
DOORMAT TOPIARY,5644.46
CHARLOTTE BAG APPLES DESIGN,5632.15
QUEENS GUARD COFFEE MUG,5603.57
RETROSPOT CHILDRENS APRON,5585.92
WHITE SPOT RED CERAMIC DRAWER KNOB,5578.14
SET OF 72 PINK HEART PAPER DOILIES,5565.23
VINTAGE CHRISTMAS STOCKING ,5564.25
RED 3 PIECE RETROSPOT CUTLERY SET,5555.13
VINTAGE CHRISTMAS GIFT SACK,5523.0
STRAWBERRY CHARLOTTE BAG,5516.7
VINTAGE SNAKES & LADDERS,5508.53
SET/6 RED SPOTTY PAPER PLATES,5496.53
POLKADOT PEN,5475.25
3 STRIPEY MICE FELTCRAFT,5460.5
FELTCRAFT PRINCESS OLIVIA DOLL,5434.85
PINK BABY BUNTING,5415.66
RUSTIC  SEVENTEEN DRAWER SIDEBOARD,5415.0
PARISIENNE JEWELLERY DRAWER ,5399.02
SMALL ZINC HEART WALL ORGANISER,5378.8
PHOTO FRAME 3 CLASSIC HANGING,5357.55
CLASSIC GLASS COOKIE JAR,5350.2
WOODEN ADVENT CALENDAR CREAM,5323.05
WALL ART BIG LOVE ,5319.36
LUNCH BAG PAISLEY PARK  ,5251.25
DOG BOWL CHASING BALL DESIGN,5220.43
10 COLOUR SPACEBOY PEN,5209.17
BUNDLE OF 3 ALPHABET EXERCISE BOOKS,5197.17
LARGE IVORY HEART WALL ORGANISER,5142.91
SET OF 5 LUCKY CAT MAGNETS ,5117.32
RED RETROSPOT SHOPPER BAG,5106.56
CERAMIC CAKE STAND + HANGING CAKES,5074.83
CALENDAR PAPER CUT DESIGN,5060.84
WOODEN ADVENT CALENDAR RED,5047.6
SET OF 6 NATIVITY MAGNETS ,5031.55
TREASURE ISLAND BOOK BOX,5029.8
3 PIECE SPACEBOY COOKIE CUTTER SET,5026.24
BOX OF VINTAGE JIGSAW BLOCKS ,5019.67
LIGHT GARLAND BUTTERFILES PINK,5018.84
RED SPOT CERAMIC DRAWER KNOB,5018.65
CHRISTMAS CRAFT TREE TOP ANGEL,5015.08
VICTORIAN SEWING BOX LARGE,5014.23
PINK 3 PIECE POLKADOT CUTLERY SET,5010.4
SMALL IVORY HEART WALL ORGANISER,4989.08
FULL ENGLISH BREAKFAST PLATE,4985.55
RED RETROSPOT BOWL,4980.73
PACK OF 6 PANNETONE GIFT BOXES,4975.03
BLUE SPOT CERAMIC DRAWER KNOB,4971.22
RED RETROSPOT MUG,4969.15
HEART IVORY TRELLIS LARGE,4962.43
COFFEE MUG PEARS  DESIGN,4957.3
PACK OF 20 NAPKINS PANTRY DESIGN,4954.42
WHITE SPOT BLUE CERAMIC DRAWER KNOB,4929.95
3 TIER CAKE TIN GREEN AND CREAM,4924.66
SET OF 4 JAM JAR MAGNETS,4922.01
ENAMEL MEASURING JUG CREAM,4916.04
LANDMARK FRAME COVENT GARDEN ,4912.05
BUBBLEGUM RING ASSORTED,4894.83
DOORMAT AIRMAIL ,4887.82
SET 3 PAPER VINTAGE CHICK PAPER EGG,4872.3
"""ASSORTED FLOWER COLOUR """"LEIS""""""",4871.45
DOORMAT RESPECTABLE HOUSE,4865.19
RED RETROSPOT PLATE ,4855.91
WALL ART KEEP CALM ,4853.5
HOME SWEET HOME METAL SIGN ,4844.72
WELCOME  WOODEN BLOCK LETTERS,4826.67
GINGHAM HEART DECORATION,4817.33
PACK OF SIX LED TEA LIGHTS,4808.55
FELTCRAFT GIRL AMELIE KIT,4799.38
SET/10 BLUE POLKADOT PARTY CANDLES,4793.34
SET OF 3 WOODEN HEART DECORATIONS,4791.58
HANGING METAL HEART LANTERN,4789.71
REGENCY TEA STRAINER,4789.24
ADVENT CALENDAR GINGHAM SACK,4775.78
I'M ON HOLIDAY METAL SIGN,4757.35
CERAMIC STRAWBERRY CAKE MONEY BANK,4745.31
LANDMARK FRAME NOTTING HILL ,4730.65
LANDMARK FRAME OXFORD STREET,4730.65
FRYING PAN UNION FLAG,4727.11
HEART IVORY TRELLIS SMALL,4706.28
FELTCRAFT DOLL ROSIE,4702.12
PARTY METAL SIGN ,4701.02
RECYCLED ACAPULCO MAT TURQUOISE,4694.75
ANTIQUE GLASS DRESSING TABLE POT,4684.06
PAPER BUNTING COLOURED LACE,4683.1
SET OF 12 MINI LOAF BAKING CASES,4670.63
CHILDS BREAKFAST SET CIRCUS PARADE,4656.3
BATH BUILDING BLOCK WORD,4644.53
TRAVEL CARD WALLET KEEP CALM,4641.32
VINTAGE CHRISTMAS TABLECLOTH,4638.52
NATURAL SLATE RECTANGLE CHALKBOARD,4635.26
LARGE CERAMIC TOP STORAGE JAR,4617.9
BREAD BIN DINER STYLE MINT,4612.66
SKULL LUNCH BOX WITH CUTLERY ,4609.5
LANDMARK FRAME LONDON BRIDGE ,4604.2
5 HOOK HANGER RED MAGIC TOADSTOOL,4595.1
BREAD BIN DINER STYLE PINK,4581.4
BISCUIT TIN VINTAGE CHRISTMAS,4567.38
SET OF 5 PANCAKE DAY MAGNETS,4562.73
FILIGRIS HEART WITH BUTTERFLY,4540.38
BLUE VINTAGE SPOT BEAKER,4528.29
TRADTIONAL ALPHABET STAMP SET,4497.3
PINK PARTY BAGS,4481.62
COFFEE MUG CAT + BIRD DESIGN,4478.34
WASHROOM METAL SIGN,4456.57
CIRCUS PARADE BABY GIFT SET,4444.75
HOT WATER BOTTLE BABUSHKA ,4437.35
STRAWBERRY   PICNIC BAG,4430.5
RED RETROSPOT BUTTER DISH,4414.8
HEART FILIGREE DOVE LARGE,4390.47
PINK VINTAGE SPOT BEAKER,4384.83
ABC TREASURE BOOK BOX ,4373.26
PINK HEART SHAPE EGG FRYING PAN,4370.78
SCANDINAVIAN PAISLEY PICNIC BAG,4357.06
CUPCAKE LACE PAPER SET 6,4355.33
PANTRY MAGNETIC  SHOPPING LIST,4341.19
DOORMAT MERRY CHRISTMAS RED ,4340.44
SMALL CHINESE STYLE SCISSOR,4335.76
CHRISTMAS CRAFT WHITE FAIRY ,4334.94
RED RETROSPOT WRAP ,4310.24
WOODEN SKITTLES GARDEN SET,4304.85
SET OF 3 HANGING OWLS OLLIE BEAK,4291.17
PINK VINTAGE PAISLEY PICNIC BAG,4289.26
CAMOUFLAGE LED TORCH,4278.12
VINYL RECORD FRAME SILVER,4275.22
GREEN VINTAGE SPOT BEAKER,4261.89
SET3 BOOK BOX GREEN GINGHAM FLOWER ,4259.3
PLAYING CARDS KEEP CALM & CARRY ON,4242.96
EDWARDIAN PARASOL PINK,4242.26
PICTURE DOMINOES,4235.59
12 PENCILS SMALL TUBE SKULL,4230.55
LAUNDRY 15C METAL SIGN,4229.72
36 PENCILS TUBE RED RETROSPOT,4227.26
BLUE 3 PIECE POLKADOT CUTLERY SET,4213.34
WALL ART ONLY ONE PERSON ,4211.55
VINTAGE CREAM CAT FOOD CONTAINER,4201.74
VINTAGE DOILY DELUXE SEWING KIT ,4194.9
SMALL CERAMIC TOP STORAGE JAR ,4184.18
RIBBON REEL STRIPES DESIGN ,4154.33
SPACEBOY MINI BACKPACK,4134.5
BLACK KITCHEN SCALES,4134.03
PACK OF 60 SPACEBOY CAKE CASES,4128.39
HOME SWEET HOME BLACKBOARD,4108.58
CHRISTMAS LIGHTS 10 SANTAS ,4100.25
CHILDRENS APRON APPLES DESIGN,4097.45
12 PENCILS SMALL TUBE RED RETROSPOT,4096.65
SET OF 36 TEATIME PAPER DOILIES,4075.78
FOOT STOOL HOME SWEET HOME ,4069.9
TREASURE TIN GYMKHANA DESIGN,4060.0
POTTERING MUG,4049.61
ANTIQUE SILVER TEA GLASS ETCHED,4016.75
CHARLOTTE BAG DOLLY GIRL DESIGN,4011.19
SET/6 RED SPOTTY PAPER CUPS,3999.09
PHOTO CUBE,3997.91
CHILDREN'S APRON DOLLY GIRL ,3984.78
PINK FLORAL FELTCRAFT SHOULDER BAG,3979.88
REGENCY SUGAR TONGS,3949.7
SET OF 3 CAKE TINS SKETCHBOOK,3942.82
HEART SHAPED HOLLY WREATH,3933.18
POPPY'S PLAYHOUSE KITCHEN,3916.91
GUMBALL MAGAZINE RACK,3909.14
ROUND CAKE TIN VINTAGE GREEN,3887.53
ZINC T-LIGHT HOLDER STARS SMALL,3879.98
VINTAGE CHRISTMAS CAKE FRILL,3879.45
ANTIQUE HEART SHELF UNIT,3879.15
LANDMARK FRAME BAKER STREET ,3867.85
PACK 3 BOXES BIRD PANNETONE ,3863.0
BAG 250g SWIRLY MARBLES,3856.38
SET/6 PINK  BUTTERFLY T-LIGHTS,3856.04
LARGE CAKE STAND  HANGING STRAWBERY,3854.68
CHILDRENS CUTLERY CIRCUS PARADE,3852.44
PINK DRAWER KNOB ACRYLIC EDWARDIAN,3831.72
36 FOIL HEART CAKE CASES,3814.37
HOLIDAY FUN LUDO,3810.71
METAL SIGN HER DINNER IS SERVED ,3802.5
CHARLOTTE BAG VINTAGE ALPHABET ,3784.52
DOORMAT VINTAGE LEAF,3766.57
GLASS APOTHECARY BOTTLE PERFUME,3763.64
RECYCLED ACAPULCO MAT GREEN,3763.55
SET OF 36 DOILIES PANTRY DESIGN,3761.92
PACK OF 12 TRADITIONAL CRAYONS,3754.47
BUFFALO BILL TREASURE BOOK BOX,3750.57
RED RETROSPOT OVEN GLOVE ,3750.38
BULL DOG BOTTLE OPENER,3749.5
WALL ART STOP FOR TEA ,3748.18
PAINT YOUR OWN CANVAS SET,3737.28
60 CAKE CASES DOLLY GIRL DESIGN,3735.61
VICTORIAN SEWING BOX MEDIUM,3727.44
GIN AND TONIC MUG,3715.61
FELTCRAFT DOLL EMILY,3711.5
SET OF 60 I LOVE LONDON CAKE CASES ,3697.7
ROLL WRAP 50'S CHRISTMAS,3694.02
SET OF 6 HERB TINS SKETCHBOOK,3686.14
VINTAGE BLUE KITCHEN CABINET,3685.0
WATERING CAN BLUE ELEPHANT,3682.75
PARISIENNE KEY CABINET ,3673.7
POPPY'S PLAYHOUSE BEDROOM ,3673.15
VINTAGE CREAM 3 BASKET CAKE STAND,3667.23
CHRISTMAS TOILET ROLL,3665.05
PANTRY SCRUBBING BRUSH,3656.94
TRADITIONAL WOODEN CATCH CUP GAME ,3651.75
LARGE RED RETROSPOT WINDMILL,3645.0
PINK POLKADOT BOWL,3640.08
STRAWBERRY FAIRY CAKE TEAPOT,3638.9
RED RETROSPOT CHILDRENS UMBRELLA,3629.66
CAKE STAND 3 TIER MAGIC GARDEN,3624.6
CINDERELLA CHANDELIER ,3617.6
BISCUIT TIN VINTAGE RED,3609.8
PICNIC BOXES SET OF 3 RETROSPOT ,3607.3
TRADITIONAL CHRISTMAS RIBBONS,3602.8
EMPIRE DESIGN ROSETTE,3596.42
ILLUSTRATED CAT BOWL ,3586.32
RECYCLED ACAPULCO MAT RED,3572.75
LARGE ANTIQUE WHITE PHOTO FRAME,3568.26
CREAM SWEETHEART EGG HOLDER,3547.3
FOOD COVER WITH BEADS SET 2 ,3545.17
CHRISTMAS STAR WISH LIST CHALKBOARD,3535.2
FIRST AID TIN,3530.35
SMALL RED RETROSPOT WINDMILL,3521.7
RED RETROSPOT TRADITIONAL TEAPOT ,3508.8
STORAGE TIN VINTAGE DOILY ,3502.15
GLASS BON BON JAR,3495.27
SCANDINAVIAN REDS RIBBONS,3492.2
SET OF 6 T-LIGHTS SANTA,3476.36
COLOURED GLASS STAR T-LIGHT HOLDER,3474.88
GREEN METAL BOX ARMY SUPPLIES,3474.39
ENCHANTED BIRD COATHANGER 5 HOOK,3470.54
AIRLINE BAG VINTAGE TOKYO 78,3468.63
PARISIENNE SEWING BOX,3464.8
ROLL WRAP VINTAGE CHRISTMAS,3450.39
RED RETROSPOT SUGAR JAM BOWL,3448.95
CAMOUFLAGE DESIGN TEDDY,3445.5
NOVELTY BISCUITS CAKE STAND 3 TIER,3445.42
RETROSPOT GIANT TUBE MATCHES,3442.5
DOORMAT PEACE ON EARTH BLUE,3442.04
ANTIQUE SILVER BAUBLE LAMP  ,3437.7
PARISIENNE CURIO CABINET,3437.3
MISTLETOE HEART WREATH GREEN,3435.62
BAG 125g SWIRLY MARBLES,3431.35
CLASSIC CHROME BICYCLE BELL ,3431.35
JUMBO BAG SCANDINAVIAN PAISLEY,3426.75
RECIPE BOX BLUE SKETCHBOOK DESIGN,3422.06
GYMKHANA TREASURE BOOK BOX,3417.83
WOODEN HEART CHRISTMAS SCANDINAVIAN,3415.9
WALL ART BICYCLE SAFETY,3412.52
FANCY FONTS BIRTHDAY WRAP,3409.0
GAOLERS KEYS DECORATIVE GARDEN ,3400.94
SET 3 WICKER STORAGE BASKETS ,3399.95
PAPER BUNTING VINTAGE PAISLEY,3395.55
MIRRORED DISCO BALL ,3393.4
BUNDLE OF 3 RETRO NOTE BOOKS,3393.35
BLUE POLKADOT PLATE ,3359.47
FOOD CONTAINER SET 3 LOVE HEART ,3358.72
EASTER CRAFT 4 CHICKS ,3355.35
FAIRY TALE COTTAGE NIGHTLIGHT,3352.8
DRAWER KNOB CRACKLE GLAZE IVORY,3348.6
SET OF 6 SNACK LOAF BAKING CASES,3336.94
BICYCLE PUNCTURE REPAIR KIT ,3336.72
PEG BAG APPLES DESIGN,3336.37
LUNCH BAG SUKI  DESIGN ,3334.7
WICKER STAR ,3328.8
PACK OF 20 NAPKINS RED APPLES,3326.39
SET OF 12 FORK CANDLES,3319.35
WHITE ROCKING HORSE HAND PAINTED,3311.5
TRADITIONAL NAUGHTS & CROSSES,3300.9
SET OF 5 MINI GROCERY MAGNETS,3297.22
IVORY GIANT GARDEN THERMOMETER,3295.7
ZINC HERB GARDEN CONTAINER,3279.82
I LOVE LONDON BABY GIFT SET,3262.55
IVORY WICKER HEART LARGE,3255.75
TEA TIME KITCHEN APRON,3248.07
S/6 WOODEN SKITTLES IN COTTON BAG,3247.16
SET OF 9 HEART SHAPED BALLOONS,3245.79
HAPPY STENCIL CRAFT,3244.6
SET 3 SONG BIRD PAPER EGGS ASSORTED,3224.65
TEA BAG PLATE RED RETROSPOT,3221.79
PHARMACIE FIRST AID TIN,3220.81
ANTIQUE GLASS PEDESTAL BOWL,3212.1
GLASS APOTHECARY BOTTLE TONIC,3211.09
WRAP ALPHABET DESIGN,3196.5
RIBBON REEL SNOWY VILLAGE,3193.03
METAL SIGN DROP YOUR PANTS,3186.78
BLUE POLKADOT BOWL,3178.65
FELTCRAFT GIRL NICOLE KIT,3169.79
WOODEN STAR CHRISTMAS SCANDINAVIAN,3164.08
ROLL WRAP VINTAGE SPOT ,3154.4
SET OF 4 KNICK KNACK TINS POPPIES,3142.4
WOODLAND MINI BACKPACK,3133.6
PACK OF 12 COLOURED PENCILS,3120.64
SPACEBOY BIRTHDAY CARD,3120.14
WATERING CAN PINK BUNNY,3092.78
SET OF 60 VINTAGE LEAF CAKE CASES ,3091.61
"TRAY, BREAKFAST IN BED",3089.85
FRENCH ENAMEL CANDLEHOLDER,3087.52
6 GIFT TAGS VINTAGE CHRISTMAS ,3068.82
CLASSIC CAFE SUGAR DISPENSER,3037.1
MINT DINER WALL CLOCK,3034.5
BABUSHKA LIGHTS STRING OF 10,3032.39
GREEN 3 PIECE POLKADOT CUTLERY SET,3019.23
16 PIECE CUTLERY SET PANTRY DESIGN,3018.3
20 DOLLY PEGS RETROSPOT,3017.5
PURPLE DRAWERKNOB ACRYLIC EDWARDIAN,3017.37
BATHROOM METAL SIGN,3016.95
CABIN BAG VINTAGE RETROSPOT,3012.4
COFFEE MUG DOG + BALL DESIGN,3011.64
PINK  POLKADOT PLATE ,3010.71
SET OF SALT AND PEPPER TOADSTOOLS,3000.35
ALPHABET STENCIL CRAFT,2999.19
DOORMAT CHRISTMAS VILLAGE,2991.7
FINE WICKER HEART ,2982.02
WRAP ENGLISH ROSE ,2980.42
LARGE DECO JEWELLERY STAND,2977.8
VICTORIAN  METAL POSTCARD SPRING,2973.55
SET OF 4 KNICK KNACK TINS LEAF,2970.85
SPACEBOY BEAKER,2970.75
RED BABY BUNTING ,2969.65
WHITE WICKER STAR ,2954.7
IVORY HANGING DECORATION  HEART,2952.54
GLASS APOTHECARY BOTTLE ELIXIR,2951.78
JAM JAR WITH PINK LID,2947.47
SET OF 36 PAISLEY FLOWER DOILIES,2942.51
DOILEY STORAGE TIN,2934.98
POTTING SHED TEA MUG,2924.48
COLOURING PENCILS BROWN TUBE,2923.18
RETROSPOT LAMP,2922.85
RED GINGHAM ROSE JEWELLERY BOX,2917.2
3 HOOK HANGER MAGIC GARDEN,2911.65
OFFICE MUG WARMER BLACK+SILVER ,2910.75
SWEETHEART BIRD HOUSE,2908.55
FOUR HOOK  WHITE LOVEBIRDS,2904.87
VINTAGE  2 METER FOLDING RULER,2902.47
TREASURE TIN BUFFALO BILL ,2886.08
CHRISTMAS PUDDING TRINKET POT ,2883.44
BOYS VINTAGE TIN SEASIDE BUCKET,2880.92
DINOSAUR LUNCH BOX WITH CUTLERY,2868.78
PACK 3 BOXES CHRISTMAS PANNETONE,2867.15
DRAWER KNOB CERAMIC IVORY,2863.39
GLASS  BEURRE DISH,2862.22
HOME SWEET HOME CUSHION COVER ,2861.25
EMBOSSED GLASS TEALIGHT HOLDER,2855.59
DOLLY GIRL MINI BACKPACK,2838.95
LARGE HEART MEASURING SPOONS,2836.92
DOORMAT VINTAGE LEAVES DESIGN ,2833.7
RETRO COFFEE MUGS ASSORTED,2829.28
HANGING METAL STAR LANTERN,2828.08
SUKI  SHOULDER BAG,2824.37
RED RETROSPOT CUP,2822.41
TABLECLOTH RED APPLES DESIGN ,2821.95
CHARLIE AND LOLA FIGURES TINS,2817.8
LOVEBIRD HANGING DECORATION WHITE ,2814.37
SET 12 KIDS COLOUR  CHALK STICKS,2814.28
ANTIQUE TALL SWIRLGLASS TRINKET POT,2813.38
RIBBON REEL HEARTS DESIGN ,2808.89
BOX OF 24 COCKTAIL PARASOLS,2808.57
TOILET SIGN OCCUPIED OR VACANT,2807.69
BLUE POLKADOT WRAP,2798.0
DECORATIVE WICKER HEART LARGE,2794.65
FLOWERS CHANDELIER T-LIGHT HOLDER,2770.91
SET OF 6 T-LIGHTS SNOWMEN,2768.48
SPACEBOY CHILDRENS BOWL,2757.15
 DOLLY GIRL BEAKER,2754.5
WOODLAND PARTY BAG + STICKER SET,2750.96
6 GIFT TAGS 50'S CHRISTMAS ,2750.93
CHILDREN'S SPACEBOY MUG,2746.16
CHEST NATURAL WOOD 20 DRAWERS,2745.0
RECYCLED ACAPULCO MAT BLUE,2741.35
MOROCCAN TEA GLASS,2741.2
GIRLS VINTAGE TIN SEASIDE BUCKET,2736.75
BLUE PARTY BAGS ,2728.94
SET/3 VANILLA SCENTED CANDLE IN BOX,2727.97
GLASS CLOCHE SMALL,2727.95
MINI WOODEN HAPPY BIRTHDAY GARLAND,2726.31
POPPY'S PLAYHOUSE LIVINGROOM ,2724.62
BUNDLE OF 3 SCHOOL EXERCISE BOOKS  ,2691.14
BISCUIT TIN VINTAGE GREEN,2685.13
RIBBON REEL CHRISTMAS SOCK BAUBLE,2676.39
TROPICAL  HONEYCOMB PAPER GARLAND ,2672.25
COTTON APRON PANTRY DESIGN,2670.54
SINGLE ANTIQUE ROSE HOOK IVORY,2669.95
RETROSPOT RED WASHING UP GLOVES,2668.38
BLACK AND WHITE CAT BOWL,2661.9
SPACEBOY GIFT WRAP,2652.34
SET OF 4 NAPKIN CHARMS CUTLERY,2642.86
VICTORIAN SEWING KIT,2640.94
STOOL HOME SWEET HOME ,2635.9
RED ROCKING HORSE HAND PAINTED,2631.5
ENAMEL WATERING CAN CREAM,2621.85
UTILTY CABINET WITH HOOKS,2610.29
CAKE PLATE LOVEBIRD WHITE,2599.2
SET 10 LIGHTS NIGHT OWL,2593.65
PINK POLKADOT WRAP ,2593.0
RED HEART SHAPE LOVE BUCKET ,2591.02
RECYCLED ACAPULCO MAT PINK,2589.9
RIBBON REEL LACE DESIGN ,2584.8
GLASS CLOCHE LARGE,2581.45
REGENCY CAKE SLICE,2579.21
BLACK AND WHITE DOG BOWL,2578.78
12 MESSAGE CARDS WITH ENVELOPES,2578.65
STOP FOR TEA WALL ART,2572.7
ROSE CARAVAN DOORSTOP,2567.61
HEART WREATH DECORATION WITH BELL,2562.63
GREEN CHRISTMAS TREE CARD HOLDER,2562.27
SILVER BELLS TABLE DECORATION,2562.1
BELLE JARDINIERE CUSHION COVER,2555.73
TWO DOOR CURIO CABINET,2551.95
12 PENCIL SMALL TUBE WOODLAND,2545.3
PACK OF 12 HEARTS DESIGN TISSUES ,2542.17
VANILLA SCENT CANDLE JEWELLED BOX,2541.12
SET OF 3 WOODEN STOCKING DECORATION,2529.64
GLITTER HANGING BUTTERFLY STRING,2528.39
TRIPLE HOOK ANTIQUE IVORY ROSE,2526.02
N0 SINGING METAL SIGN,2523.78
RED RETROSPOT TEA CUP AND SAUCER ,2519.19
BAKING MOULD HEART MILK CHOCOLATE,2513.12
BLUE GIANT GARDEN THERMOMETER,2511.72
SET 10 NIGHT OWL LIGHTS,2510.34
HALL CABINET WITH 3 DRAWERS,2503.53
RETROSPOT PADDED SEAT CUSHION,2502.82
IVORY WICKER HEART MEDIUM,2498.65
PACK OF 6 SWEETIE GIFT BOXES,2496.76
PACK OF 60 MUSHROOM CAKE CASES,2496.08
GLITTER BUTTERFLY CLIPS,2489.1
WATERING CAN GREEN DINOSAUR,2487.53
BLUE POLKADOT CUP,2484.53
CHEST OF DRAWERS GINGHAM HEART ,2459.04
STRAWBERRY SHOPPER BAG,2453.38
CHILDRENS DOLLY GIRL MUG,2443.14
GLASS JAR ENGLISH CONFECTIONERY,2438.2
JAM JAR WITH GREEN LID,2433.88
LUNCH BAG RED VINTAGE DOILY,2432.55
SET OF 2 TRAYS HOME SWEET HOME,2426.72
3 TRADITIONAl BISCUIT CUTTERS  SET,2418.02
TEA TIME OVEN GLOVE,2412.92
CHRISTMAS HANGING STAR WITH BELL,2402.12
WALL ART 70'S ALPHABET ,2399.58
CREAM WALL PLANTER HEART SHAPED,2396.71
SET OF 3 WOODEN SLEIGH DECORATIONS,2396.7
CHRISTMAS METAL TAGS ASSORTED ,2395.93
SET/6 TURQUOISE BUTTERFLY T-LIGHTS,2384.76
PINK OWL SOFT TOY,2379.05
SWEETHEART WIRE MAGAZINE RACK,2373.0
BICYCLE SAFTEY WALL ART,2371.94
GINGHAM HEART  DOORSTOP RED,2371.26
BAKING MOULD CHOCOLATE CUPCAKES,2358.89
MAN FLU METAL SIGN,2356.38
SKULLS AND CROSSBONES WRAP,2356.0
SPACEBOY CHILDRENS CUP,2343.07
OWL DOORSTOP,2339.19
MISTLETOE HEART WREATH CREAM,2332.13
WRAP PINK FAIRY CAKES ,2331.0
ROUND SNACK BOXES SET OF 4 SKULLS,2325.95
GLASS STAR FROSTED T-LIGHT HOLDER,2319.19
PINK DINER WALL CLOCK,2317.1
CERAMIC CHERRY CAKE MONEY BANK,2315.73
PENS ASSORTED FUNNY FACE,2313.74
TRADITIONAL PICK UP STICKS GAME ,2295.0
RED DRAWER KNOB ACRYLIC EDWARDIAN,2292.27
TOTE BAG I LOVE LONDON,2289.78
LARGE CAKE TOWEL PINK SPOTS,2288.3
GREEN GIANT GARDEN THERMOMETER,2278.25
 50'S CHRISTMAS GIFT BAG LARGE,2272.25
BAKING MOULD EASTER EGG MILK CHOC,2272.2
HEART MIRROR ANTIQUE WHITE,2269.14
TOY TIDY SPACEBOY  ,2266.35
WALL ART DOG LICENCE ,2265.18
SET OF 9 BLACK SKULL BALLOONS,2261.65
DOORMAT WELCOME SUNRISE,2260.69
CAKE STAND WHITE TWO TIER LACE,2254.5
SET OF 3 BLACK FLYING DUCKS,2251.15
KINGS CHOICE MUG,2249.56
POLYESTER FILLER PAD 40x40cm,2248.95
SET OF 10 LANTERNS FAIRY LIGHT STAR,2248.14
SHELF WITH 4 HOOKS HOME SWEET HOME,2247.36
VINTAGE BELLS GARLAND,2246.56
BALLOON WATER BOMB PACK OF 35,2244.06
CERAMIC HEART FAIRY CAKE MONEY BANK,2243.94
VINTAGE LEAF MAGNETIC NOTEPAD,2242.65
12 PENCILS TALL TUBE RED RETROSPOT,2240.31
ENAMEL WASH BOWL CREAM,2228.05
FRENCH BATHROOM SIGN BLUE METAL,2227.62
GREEN DRAWER KNOB ACRYLIC EDWARDIAN,2227.52
PEARL CRYSTAL PUMPKIN T-LIGHT HLDR,2214.87
RED REFECTORY CLOCK ,2212.25
CREAM SLICE FLANNEL PINK SPOT ,2209.95
CLASSIC BICYCLE CLIPS ,2200.15
VINTAGE  2 METRE FOLDING RULER,2197.69
SET OF 4 ENGLISH ROSE PLACEMATS,2194.64
FRENCH WC SIGN BLUE METAL,2192.74
RECYCLED ACAPULCO MAT LAVENDER,2189.7
ROUND CONTAINER SET OF 5 RETROSPOT,2181.3
DECORATIVE WICKER HEART MEDIUM,2181.19
TOADSTOOL BEDSIDE LIGHT ,2180.7
ZINC WILLIE WINKIE  CANDLE STICK,2176.1
SWEETHEART 3 TIER CAKE STAND ,2174.1
DOORMAT I LOVE LONDON,2157.33
WRAP RED APPLES ,2157.0
RUSTIC MIRROR WITH LACE HEART,2155.51
SET OF 3 WOODEN TREE DECORATIONS,2153.71
POTTING SHED TWINE,2152.2
HOME SWEET HOME KEY HOLDER,2148.54
GARLAND WOODEN HAPPY EASTER,2147.78
EMPIRE UNION JACK TV DINNER TRAY,2145.82
SET 20 NAPKINS FAIRY CAKES DESIGN ,2141.43
TOADSTOOL MONEY BOX,2140.15
RETROSPOT CIGAR BOX MATCHES ,2135.32
PINK DOUGHNUT TRINKET POT ,2132.7
ICE CREAM BUBBLES,2131.01
FOLKART ZINC HEART CHRISTMAS DEC,2127.39
VINTAGE RED ENAMEL TRIM JUG ,2123.34
SMALL PARISIENNE HEART PHOTO FRAME ,2122.67
SWALLOWS GREETING CARD,2120.55
VINTAGE UNION JACK APRON,2112.39
WRAP VINTAGE LEAF DESIGN,2109.42
WRAP POPPIES  DESIGN,2105.5
KEY RING BASEBALL BOOT UNION JACK,2103.3
GLASS HEART T-LIGHT HOLDER ,2097.71
HEADS AND TAILS SPORTING FUN,2095.46
PAPER LANTERN 9 POINT DELUXE STAR,2091.55
GIRLS ALPHABET IRON ON PATCHES ,2088.0
ENAMEL COLANDER CREAM,2086.11
LARGE CAKE TOWEL CHOCOLATE SPOTS,2082.15
WALL TIDY RETROSPOT ,2082.06
DOG LICENCE WALL ART,2081.64
SKULL SHOULDER BAG,2081.2
RIBBON REEL CHRISTMAS PRESENT ,2073.74
PLAYING CARDS JUBILEE UNION JACK,2073.73
VILLAGE SHOW WALL ART,2072.42
CUPBOARD 3 DRAWER MA CAMPAGNE,2070.95
SET 12 LAVENDER  BOTANICAL T-LIGHTS,2069.2
CARD BILLBOARD FONT,2067.75
VINTAGE CHRISTMAS GIFT BAG LARGE ,2066.65
CACTI T-LIGHT CANDLES,2065.22
CLASSIC FRENCH STYLE BASKET NATURAL,2064.47
GROW YOUR OWN BASIL IN ENAMEL MUG,2061.0
DRAWER KNOB CRACKLE GLAZE GREEN,2060.4
PINK  POLKADOT CUP,2049.7
VINTAGE BILLBOARD TEA MUG,2047.8
SWEETHEART WIRE WALL TIDY,2046.85
6 EGG HOUSE PAINTED WOOD,2043.04
PARTY CONES CANDY ASSORTED,2042.69
SMALL DOLLY MIX DESIGN ORANGE BOWL,2040.19
STAR WOODEN CHRISTMAS DECORATION,2036.56
CERAMIC CAKE DESIGN SPOTTED MUG,2035.55
SMALL RED RETROSPOT MUG IN BOX ,2030.68
RED GINGHAM TEDDY BEAR ,2029.98
S/4 VALENTINE DECOUPAGE HEART BOX,2025.1
 RED SPOT GIFT BAG LARGE,2023.5
BUTTON BOX ,2020.71
MAKE YOUR OWN FLOWERPOWER CARD KIT,2018.81
KEEP CALM WALL ART ,2015.97
36 PENCILS TUBE SKULLS,2009.43
SMALL HEART MEASURING SPOONS,2008.63
6 RIBBONS ELEGANT CHRISTMAS ,2004.92
WRAP CHRISTMAS VILLAGE,2003.92
PACK OF 12 RED RETROSPOT TISSUES ,2002.73
HANGING MINI COLOURED BOTTLES,1999.59
IVORY SWEETHEART WIRE LETTER RACK ,1998.51
HERB MARKER BASIL,1997.75
MA CAMPAGNE CUTLERY BOX,1997.55
TOILET METAL SIGN,1997.13
PACK OF 12 SUKI TISSUES ,1995.05
SET OF 6 T-LIGHTS CACTI ,1987.93
6 CHOCOLATE LOVE HEART T-LIGHTS,1985.86
ASSORTED COLOUR T-LIGHT HOLDER,1983.17
KNEELING MAT HOUSEWORK  DESIGN,1980.71
LETTER HOLDER HOME SWEET HOME,1980.31
SET OF 2 CERAMIC CHRISTMAS REINDEER,1980.18
BLUE COAT RACK PARIS FASHION,1974.69
SLATE TILE NATURAL HANGING,1974.2
PACK OF 6 SANDCASTLE FLAGS ASSORTED,1972.9
SET/20 STRAWBERRY PAPER NAPKINS ,1972.73
TEA TIME TEAPOT IN GIFT BOX,1972.46
WHITE LOVEBIRD LANTERN,1970.65
36 PENCILS TUBE WOODLAND,1969.43
DRAWER KNOB CRACKLE GLAZE PINK,1968.0
GINGHAM RECIPE BOOK BOX,1966.95
S/4 CACTI CANDLES,1965.87
T-LIGHT HOLDER HANGING LOVE BIRD,1965.63
GLASS  SONGBIRD STORAGE JAR,1965.3
BAKING MOULD ROSE MILK CHOCOLATE,1964.25
ROLL WRAP 50'S RED CHRISTMAS ,1961.01
CERAMIC STRAWBERRY DESIGN MUG,1960.47
WHITE BROCANTE SOAP DISH,1960.2
"KEY FOB , SHED",1959.13
ASSTD DESIGN RACING CAR PEN,1953.0
LE JARDIN BOTANIQUE CUSHION COVER,1948.23
STORAGE TIN VINTAGE LEAF,1948.1
FILIGREE HEART BUTTERFLY WHITE ,1947.06
RED SPOT PAPER GIFT BAG,1944.08
SOAP DISH BROCANTE,1942.45
VINTAGE RED ENAMEL TRIM MUG ,1940.45
3 TIER SWEETHEART GARDEN SHELF,1938.25
BAKING MOULD TOFFEE CUP CHOCOLATE,1935.6
JUMBO BAG CHARLIE AND LOLA TOYS,1932.67
SET 8 CANDLES VINTAGE DOILY,1932.0
3D VINTAGE CHRISTMAS STICKERS ,1930.38
BIRDHOUSE GARDEN MARKER ,1929.35
KEY RING BASEBALL BOOT ASSORTED ,1928.8
FLORAL FOLK STATIONERY SET,1927.35
NOEL WOODEN BLOCK LETTERS ,1924.94
SEWING BOX RETROSPOT DESIGN ,1923.85
STAR WREATH DECORATION WITH BELL,1921.94
CHOCOLATE BOX RIBBONS ,1917.58
FUNKY WASHING UP GLOVES ASSORTED,1917.06
WRAP DOILEY DESIGN,1915.5
CHILDREN'S CIRCUS PARADE MUG,1914.58
36 FOIL STAR CAKE CASES ,1912.34
BLUE DRAWER KNOB ACRYLIC EDWARDIAN,1906.68
HANGING HEART WITH BELL,1906.58
SKETCHBOOK MAGNETIC SHOPPING LIST,1900.94
REGENCY CAKE FORK,1896.6
ZINC T-LIGHT HOLDER STAR LARGE,1896.54
"FANCY FONT BIRTHDAY CARD, ",1895.76
IVORY REFECTORY CLOCK,1894.7
WRAP 50'S  CHRISTMAS,1892.46
MAKE YOUR OWN MONSOON CARD KIT,1892.14
CARDHOLDER HOLLY WREATH METAL,1886.08
SET OF 3 COLOURED  FLYING DUCKS,1882.65
3D TRADITIONAL CHRISTMAS STICKERS,1882.31
WHITE WIRE EGG HOLDER,1881.15
DOLLY GIRL CHILDRENS CUP,1880.14
RIBBON REEL POLKADOTS ,1877.55
TRAVEL CARD WALLET VINTAGE TICKET,1875.12
WOODLAND  HEIGHT CHART STICKERS ,1874.4
BAKING MOULD HEART WHITE CHOCOLATE,1873.51
CHINESE DRAGON PAPER LANTERNS,1870.7
STAR T-LIGHT HOLDER WILLIE WINKIE,1870.11
AIRLINE BAG VINTAGE JET SET RED,1870.09
FLUTED ANTIQUE CANDLE HOLDER,1867.91
HANGING JAM JAR T-LIGHT HOLDERS,1867.33
VINTAGE JINGLE BELLS HEART,1864.5
CERAMIC STRAWBERRY MONEY BOX,1859.4
KEY CABINET MA CAMPAGNE,1855.7
DOLLY GIRL CHILDRENS BOWL,1854.85
ALUMINIUM STAMPED HEART,1852.55
HEART WOODEN CHRISTMAS DECORATION,1851.99
OVEN MITT APPLES DESIGN,1847.76
JAZZ HEARTS PURSE NOTEBOOK,1845.87
LE GRAND TRAY CHIC SET,1837.5
CERAMIC CAKE BOWL + HANGING CAKES,1832.15
HOT WATER BOTTLE SEX BOMB,1832.0
SMALL DECO JEWELLERY STAND,1831.65
ENGLISH ROSE GARDEN SECATEURS,1825.99
CHRISTMAS RETROSPOT ANGEL WOOD,1824.87
EASTER TIN BUNNY BOUQUET,1822.8
PARLOUR CERAMIC WALL HOOK,1819.25
ROCKING HORSE RED CHRISTMAS ,1807.6
RIBBON REEL MAKING SNOWMEN ,1807.31
SET 12 COLOUR PENCILS SPACEBOY ,1803.3
RED RETROSPOT APRON ,1796.9
POPPY'S PLAYHOUSE BATHROOM,1794.6
SET OF 16 VINTAGE ROSE CUTLERY,1787.85
SET OF 6 T-LIGHTS TOADSTOOLS,1786.19
SWISS ROLL TOWEL PINK  SPOTS,1782.18
MAGIC DRAWING SLATE PURDEY,1780.92
METAL SIGN NEIGHBOURHOOD WITCH ,1778.4
SET 36 COLOUR PENCILS SPACEBOY ,1775.22
SET 12 RETRO WHITE CHALK STICKS,1771.12
TRAVEL CARD WALLET I LOVE LONDON,1767.72
WATERING CAN GARDEN MARKER,1765.6
MINI CAKE STAND WITH HANGING CAKES,1764.9
HANGING CHICK CREAM DECORATION,1761.75
"FEATHER PEN,HOT PINK",1758.89
VINTAGE UNION JACK CUSHION COVER,1755.3
DRAWER KNOB CRACKLE GLAZE BLUE,1751.79
OCEAN SCENT CANDLE IN JEWELLED BOX,1749.94
IF YOU CAN'T STAND THE HEAT MUG,1748.59
RETROSPOT SMALL TUBE MATCHES,1743.35
WRAP I LOVE LONDON ,1742.5
REX CASH+CARRY JUMBO SHOPPER,1740.4
MAGIC DRAWING SLATE SPACEBOY ,1735.5
CHRISTMAS GINGHAM STAR,1735.27
MODERN FLORAL STATIONERY SET,1734.6
BROCANTE COAT RACK,1734.05
RED PAPER PARASOL,1732.79
SET OF 4 NAPKIN CHARMS HEARTS,1730.82
FILIGREE HEART BIRD WHITE ,1726.3
CARD HOLDER GINGHAM HEART,1724.42
RED STAR CARD HOLDER,1723.79
VINTAGE GLASS T-LIGHT HOLDER,1722.79
DAIRY MAID STRIPE MUG,1720.3
FAIRY TALE COTTAGE NIGHT LIGHT,1717.2
IVORY EMBROIDERED QUILT ,1715.9
SET OF 12 T-LIGHTS VINTAGE DOILY,1715.85
EASTER TIN KEEPSAKE,1713.9
MINIATURE ANTIQUE ROSE HOOK IVORY,1711.55
FELTCRAFT BOY JEAN-PAUL KIT,1711.23
MONSTERS STENCIL CRAFT,1710.42
METAL SIGN EMPIRE TEA,1706.81
12 PENCILS TALL TUBE SKULLS,1705.66
CARD DOLLY GIRL ,1701.21
PEACE WOODEN BLOCK LETTERS,1699.66
STRAWBERRY RAFFIA FOOD COVER,1695.15
TEA PARTY BIRTHDAY CARD,1692.71
KINGS CHOICE GIANT TUBE MATCHES,1691.25
WRAP SUKI AND FRIENDS,1687.5
PINK  HEART SHAPE LOVE BUCKET ,1686.52
HOT STUFF HOT WATER BOTTLE,1686.15
GEORGIAN TRINKET BOX,1681.5
RED RETROSPOT OVEN GLOVE DOUBLE,1678.55
LED TEA LIGHTS,1676.35
LAVENDER SCENTED FABRIC HEART,1674.03
PACK OF 20 SKULL PAPER NAPKINS,1672.69
KNICKERBOCKERGLORY MAGNET ASSORTED ,1669.38
WOODEN TREE CHRISTMAS SCANDINAVIAN,1664.29
PACK OF 6 SKULL PAPER PLATES,1663.3
AFGHAN SLIPPER SOCK PAIR,1662.95
MINI CAKE STAND  HANGING STRAWBERY,1661.78
I CAN ONLY PLEASE ONE PERSON MUG,1658.89
LOVE HEART POCKET WARMER,1656.05
REGENCY TEA SPOON,1651.8
SET 12 KIDS  WHITE CHALK STICKS,1651.14
DOORMAT NEIGHBOURHOOD WITCH ,1645.67
BROCANTE SHELF WITH HOOKS,1645.45
TEA TIME TABLE CLOTH,1642.68
VINTAGE PAISLEY STATIONERY SET,1640.29
DOCTOR'S BAG SOFT TOY,1640.18
VINTAGE BILLBOARD LOVE/HATE MUG,1637.71
GREEN POLKADOT BOWL,1632.81
MINI JIGSAW SPACEBOY,1627.04
3 RAFFIA RIBBONS 50'S CHRISTMAS ,1624.5
GREEN POLKADOT PLATE ,1618.03
ROTATING LEAVES T-LIGHT HOLDER,1617.23
SET OF 2 CERAMIC PAINTED HEARTS ,1612.85
RED METAL BEACH SPADE ,1612.42
PETIT TRAY CHIC,1606.73
GENTLEMAN SHIRT REPAIR KIT ,1602.72
JINGLE BELL HEART ANTIQUE GOLD,1599.87
WHITE JEWELLED HEART DECORATION,1594.5
ROSE 3 WICK MORRIS BOX CANDLE,1592.7
SET OF 12  VINTAGE POSTCARD SET,1590.12
HEART DECORATION WITH PEARLS ,1586.46
BASKET OF TOADSTOOLS,1574.98
T-LIGHT HOLDER SWEETHEART HANGING,1574.64
12 PENCILS TALL TUBE WOODLAND,1571.65
POMPOM CURTAIN,1570.15
SILVER STARS TABLE DECORATION,1569.62
LAUREL HEART ANTIQUE SILVER,1567.0
DAIRY MAID LARGE MILK JUG,1563.75
SET 36 COLOURING PENCILS DOILY,1562.61
POLYESTER FILLER PAD 45x45cm,1562.4
BIRD HOUSE HOT WATER BOTTLE,1562.06
SKULLS PARTY BAG + STICKER SET,1561.05
COFFEE MUG PINK PAISLEY DESIGN,1559.44
3 ROSE MORRIS BOXED CANDLES,1555.64
SMALL MARSHMALLOWS PINK BOWL,1553.25
ROBOT BIRTHDAY CARD,1552.96
PARTY CHARMS 50 PIECES,1552.65
ROUND STORAGE TIN VINTAGE LEAF,1552.51
RETROSPOT WOODEN HEART DECORATION,1552.22
BLUE REFECTORY CLOCK ,1547.95
FAIRY CAKE BIRTHDAY CANDLE SET,1547.4
HOME SWEET HOME HANGING HEART,1539.63
RED POLKADOT BEAKER ,1538.62
YELLOW GIANT GARDEN THERMOMETER,1535.57
HEART T-LIGHT HOLDER WILLIE WINKIE,1533.84
SKULL AND CROSSBONES  GARLAND ,1532.25
FRENCH TOILET SIGN BLUE METAL,1531.71
REGENCY MIRROR WITH SHUTTERS,1530.0
ENAMEL FIRE BUCKET CREAM,1528.73
MAGNETS PACK OF 4 SWALLOWS,1528.29
BAKING MOULD EASTER EGG WHITE CHOC,1527.2
HANGING  BUTTERFLY T-LIGHT HOLDER,1526.62
SET 36 COLOUR PENCILS DOLLY GIRL,1520.22
SKULLS  WATER TRANSFER TATTOOS ,1519.85
HANGING CHICK  YELLOW DECORATION,1515.65
DAISY GARDEN MARKER,1513.1
BALLOON PUMP WITH 10 BALLOONS,1511.48
BOTTLE BAG RETROSPOT ,1510.89
PACK OF 12 WOODLAND TISSUES ,1508.87
DOG BOWL VINTAGE CREAM,1507.92
GLASS JAR DAISY FRESH COTTON WOOL,1507.35
PACK OF 12 SKULL TISSUES,1504.98
TEA FOR ONE POLKADOT,1502.01
"DIAMANTE HEART SHAPED WALL MIRROR, ",1490.65
CAKE STAND LOVEBIRD 2 TIER WHITE,1489.55
SWEETHEART WIRE FRUIT BOWL,1489.3
BULL DOG BOTTLE TOP WALL CLOCK,1484.25
OFFICE MUG WARMER PINK,1482.89
FAIRY CAKE DESIGN UMBRELLA,1482.87
CHRISTMAS GINGHAM TREE,1480.06
RED COAT RACK PARIS FASHION,1479.69
FILIGREE HEART DAISY WHITE,1478.59
PINK HANGING HEART T-LIGHT HOLDER,1476.13
POSTE FRANCE CUSHION COVER,1470.0
ROMANTIC PINKS RIBBONS ,1468.85
FRENCH LAUNDRY SIGN BLUE METAL,1463.66
WHITE TALL PORCELAIN T-LIGHT HOLDER,1461.15
DANISH ROSE PHOTO FRAME,1460.81
ANGEL DECORATION 3 BUTTONS ,1455.84
COSY HOUR CIGAR BOX MATCHES ,1451.39
 I LOVE LONDON MINI BACKPACK,1449.85
CREAM FELT EASTER EGG BASKET,1446.9
STRAWBERRY HONEYCOMB  GARLAND ,1446.6
RED VINTAGE SPOT BEAKER,1445.5
VINTAGE UNION JACK PENNANT,1444.95
COWBOYS AND INDIANS BIRTHDAY CARD ,1444.75
OFFICE MUG WARMER POLKADOT,1443.19
ROCOCO WALL MIRROR WHITE,1442.25
HEN HOUSE DECORATION,1442.1
SET/3 OCEAN SCENT CANDLE JEWEL BOX,1435.0
OFFICE MUG WARMER CHOC+BLUE,1431.14
MAGIC DRAWING SLATE DOLLY GIRL ,1430.7
CITRONELLA CANDLE FLOWERPOT,1429.2
LADS ONLY TISSUE BOX,1427.59
SET OF 4 SANTA PLACE SETTINGS,1427.34
FOLDING BUTTERFLY MIRROR HOT PINK ,1427.16
12 EGG HOUSE PAINTED WOOD,1425.27
POTTING SHED ROSE CANDLE,1423.03
GLASS JAR DIGESTIVE BISCUITS,1421.12
BLUE OWL SOFT TOY,1420.4
FRENCH KITCHEN SIGN BLUE METAL,1420.14
PAPER CHAIN KIT SKULLS ,1415.65
WHEELBARROW FOR CHILDREN ,1406.4
SPACEBOY CHILDRENS EGG CUP,1405.97
CARD MOTORBIKE SANTA,1405.08
SET/3 ROSE CANDLE IN JEWELLED BOX,1402.03
APPLE BATH SPONGE,1397.99
DISCO BALL CHRISTMAS DECORATION,1397.04
CAT BOWL VINTAGE CREAM,1396.95
SET 12 COLOUR PENCILS DOLLY GIRL ,1396.4
WHITE BELL HONEYCOMB PAPER ,1390.2
CLASSIC FRENCH STYLE BASKET GREEN ,1388.65
CAST IRON HOOK GARDEN FORK,1371.43
LARGE POPCORN HOLDER ,1370.45
GLAMOROUS  MUG,1365.73
SMALL HEART FLOWERS HOOK ,1365.5
WRAP PAISLEY PARK ,1365.0
CHILDRENS TOY COOKING UTENSIL SET,1363.16
EMPIRE GIFT WRAP,1363.0
3D CHRISTMAS STAMPS STICKERS ,1361.95
12 COLOURED PARTY BALLOONS,1359.65
PENCIL CASE LIFE IS BEAUTIFUL,1359.35
ZINC  STAR T-LIGHT HOLDER ,1357.79
3 WHITE CHOC MORRIS BOXED CANDLES,1357.44
WOODEN REGATTA BUNTING,1356.6
TOOL BOX SOFT TOY ,1350.24
CITRONELLA CANDLE GARDEN POT,1348.75
ZINC BOX SIGN HOME,1348.01
MAGIC DRAWING SLATE CIRCUS PARADE  ,1347.66
PACK OF 6 HANDBAG GIFT BOXES,1346.4
IVORY WICKER HEART SMALL,1345.5
S/4 PINK FLOWER CANDLES IN BOWL,1344.89
RED RETROSPOT PUDDING BOWL,1337.5
KINGS CHOICE TEA CADDY ,1335.38
CHARLIE + LOLA RED HOT WATER BOTTLE,1333.15
KINGS CHOICE BISCUIT TIN,1332.6
IVORY CAFE HANGING LAMP ,1330.5
VINTAGE RED TRIM ENAMEL BOWL ,1328.59
WRAP VINTAGE PETALS  DESIGN,1327.5
CARD BIRTHDAY COWBOY,1324.89
CARD HOLDER LOVE BIRD LARGE ,1323.4
FRYING PAN RED RETROSPOT,1323.0
SET OF 3 BABUSHKA STACKING TINS,1321.65
GIN & TONIC DIET GREETING CARD ,1320.9
DRAWER KNOB CERAMIC BLACK,1314.95
SET/6 PURPLE BUTTERFLY T-LIGHTS,1314.78
STRAWBERRY CERAMIC TRINKET POT,1312.04
WOODLAND DESIGN  COTTON TOTE BAG,1311.75
DIAMANTE RING ASSORTED IN BOX.,1311.36
DINOSAUR KEYRINGS ASSORTED,1310.25
HANGING HEN ON NEST DECORATION,1310.1
MAGNETS PACK OF 4 CHILDHOOD MEMORY,1309.9
CARD CHRISTMAS VILLAGE,1309.32
PANTRY PASTRY BRUSH,1307.05
WICKER WREATH LARGE,1303.46
6 RIBBONS EMPIRE  ,1302.72
STRAWBERRY BATH SPONGE ,1301.86
CHRISTMAS RETROSPOT STAR WOOD,1301.84
FRENCH BLUE METAL DOOR SIGN 1,1301.14
CHRISTMAS TABLE SILVER CANDLE SPIKE,1301.05
BAG 500g SWIRLY MARBLES,1299.21
BEADED CHANDELIER T-LIGHT HOLDER,1298.44
CHOCOLATE CALCULATOR,1296.83
SMALL WHITE RETROSPOT MUG IN BOX ,1295.04
36 DOILIES DOLLY GIRL,1294.85
SILVER MUG BONE CHINA TREE OF LIFE,1290.57
"SWISS ROLL TOWEL, CHOCOLATE  SPOTS",1290.3
SET OF 4 ENGLISH ROSE COASTERS,1289.34
CARD I LOVE LONDON ,1286.92
IVORY CHANDELIER T-LIGHT HOLDER,1286.72
APRON APPLE DELIGHT,1286.65
METAL DECORATION NAUGHTY CHILDREN ,1284.86
RED RETROSPOT SHOPPING BAG,1284.66
CIRCUS PARADE CHILDRENS EGG CUP ,1282.34
FOLKART STAR CHRISTMAS DECORATIONS,1281.16
CABIN BAG VINTAGE PAISLEY,1279.2
HANGING HEART MIRROR DECORATION ,1276.85
PACK OF 6 LARGE FRUIT STRAWS ,1275.71
TRAVEL CARD WALLET TRANSPORT,1274.76
WALL ART VINTAGE HEART,1273.92
MULTICOLOUR HONEYCOMB PAPER GARLAND,1272.9
ROSE SCENT CANDLE IN JEWELLED BOX,1271.67
FLOWER VINE RAFFIA FOOD COVER,1271.13
PACK OF 12 50'S CHRISTMAS TISSUES,1270.59
MEDINA STAMPED METAL STOOL,1268.35
BOX OF 6 ASSORTED COLOUR TEASPOONS,1267.99
CARD CIRCUS PARADE,1267.23
HANGING FAIRY CAKE DECORATION,1262.1
PARTY CONE CHRISTMAS DECORATION ,1260.53
MOUSE TOY WITH PINK T-SHIRT,1256.3
CARD HOLDER LOVE BIRD SMALL,1255.76
VINTAGE RED ENAMEL TRIM PLATE,1254.9
PACK OF 6 SKULL PAPER CUPS,1254.74
BALLOONS  WRITING SET ,1253.95
COFFEE MUG BLUE PAISLEY DESIGN,1252.76
ASS FLORAL PRINT MULTI SCREWDRIVER,1251.61
SAVOY ART DECO CLOCK,1251.25
CARDHOLDER GINGHAM CHRISTMAS TREE,1250.84
POTTING SHED CANDLE CITRONELLA,1250.82
SUNSET CHECK HAMMOCK,1249.65
PAPER LANTERN 9 POINT SNOW STAR ,1249.5
4 VANILLA BOTANICAL CANDLES,1247.5
HEART DECORATION PAINTED ZINC ,1246.3
PAPER CHAIN KIT LONDON,1243.99
CHERRY BLOSSOM  DECORATIVE FLASK,1242.72
VINTAGE CHRISTMAS PAPER GIFT BAG,1241.66
REINDEER HEART DECORATION SILVER,1241.59
CLASSIC FRENCH STYLE BASKET BROWN,1240.44
WHITE HANGING BEADS CANDLE HOLDER,1239.5
TV DINNER TRAY VINTAGE PAISLEY,1239.39
PLAYING CARDS I LOVE LONDON ,1238.5
SET OF 4 KNICK KNACK TINS LEAVES ,1237.2
MAKE YOUR OWN PLAYTIME CARD KIT,1236.24
SAVE THE PLANET COTTON TOTE BAG,1235.25
LIPSTICK PEN RED,1232.34
PIG KEYRING WITH LIGHT & SOUND ,1231.34
PINK PAPER PARASOL ,1230.58
WOOD STAMP SET THANK YOU,1229.12
CHARLIE & LOLA WASTEPAPER BIN FLORA,1228.25
FRENCH ENAMEL POT W LID,1227.41
FRIDGE MAGNETS US DINER ASSORTED,1226.4
TV DINNER TRAY DOLLY GIRL,1224.17
GLASS JAR MARMALADE ,1223.99
MIRROR CORNICE,1223.25
YELLOW COAT RACK PARIS FASHION,1222.74
CALENDAR IN SEASON DESIGN,1222.54
PORCELAIN ROSE SMALL,1218.36
SWALLOW WOODEN CHRISTMAS DECORATION,1217.78
SILK PURSE BABUSHKA PINK,1214.33
SET/10 IVORY POLKADOT PARTY CANDLES,1213.31
SKULL DESIGN TV DINNER TRAY,1211.1
FRYING PAN PINK POLKADOT,1209.54
DAIRY MAID TRADITIONAL TEAPOT ,1209.2
GROW YOUR OWN HERBS SET OF 3,1208.4
PENS ASSORTED SPACEBALL,1206.2
OVERNIGHT BAG VINTAGE ROSE PAISLEY,1202.85
SINGLE WIRE HOOK IVORY HEART,1201.9
WALL ART VILLAGE SHOW ,1201.61
Next Day Carriage,1200.0
SCHOOL DESK AND CHAIR ,1199.75
SET OF 16 VINTAGE PISTACHIO CUTLERY,1198.5
PENNY FARTHING BIRTHDAY CARD,1198.45
4 LAVENDER BOTANICAL DINNER CANDLES,1193.75
HERB MARKER ROSEMARY,1191.15
UNION JACK FLAG PASSPORT COVER ,1190.34
MAGIC SHEEP WOOL GROWING FROM PAPER,1190.0
SET OF 4 ROSE BOTANICAL CANDLES,1188.75
GARLAND WITH STARS AND BELLS,1187.1
VINTAGE UNION JACK DOORSTOP,1184.85
HANGING CHICK GREEN DECORATION,1184.65
TOY TIDY DOLLY GIRL DESIGN,1178.18
GROW YOUR OWN FLOWERS SET OF 3,1177.8
SET 12 COLOURING PENCILS DOILY,1177.1
PAPER BUNTING VINTAGE PARTY,1175.0
6 ROCKET BALLOONS ,1172.9
WRAP CIRCUS PARADE,1171.34
ORGANISER WOOD ANTIQUE WHITE ,1171.3
"FEATHER PEN,COAL BLACK",1170.9
HERB MARKER THYME,1168.4
"KEY FOB , FRONT  DOOR ",1168.28
MARIE ANTOINETTE TRINKET BOX GOLD,1167.6
SPACEBOY ROCKET LOLLY MAKERS,1165.28
12 PENCILS TALL TUBE POSY,1161.18
FIVE HEART HANGING DECORATION,1161.0
HEART CALCULATOR,1155.88
METAL MERRY CHRISTMAS WREATH,1154.25
SET/4 SPRING FLOWER DECORATION,1151.8
PACK OF 20 SPACEBOY NAPKINS,1150.38
WRAP DOLLY GIRL,1149.5
ENGLISH ROSE NOTEBOOK A7 SIZE,1147.0
SET OF 4 DIAMOND NAPKIN RINGS,1146.97
SET OF 72 SKULL PAPER  DOILIES,1143.35
VINTAGE SEASIDE JIGSAW PUZZLES,1142.53
LARGE ROUND WICKER PLATTER ,1142.4
POLKADOT COFFEE CUP & SAUCER PINK,1142.29
"KEY FOB , GARAGE DESIGN",1140.62
"KEY FOB , BACK DOOR ",1140.26
IVORY WIRE KITCHEN ORGANISER,1137.65
HANGING ENGRAVED METAL HEART,1137.1
"WHITE TEA,COFFEE,SUGAR JARS",1134.5
SANDALWOOD FAN,1132.3
DOLLY GIRL CHILDRENS EGG CUP,1131.21
PACK OF 12 PINK POLKADOT TISSUES,1129.79
FOLDING UMBRELLA RED/WHITE POLKADOT,1129.63
WOODLAND BUNNIES LOLLY MAKERS,1129.28
ANTIQUE ALL GLASS CANDLESTICK,1129.1
MINI PLAYING CARDS BUFFALO BILL ,1128.18
HOME SWEET HOME 2 DRAWER CABINET,1128.05
LOVE LARGE WOOD LETTERS ,1127.85
CHRISTMAS METAL POSTCARD WITH BELLS,1125.94
CERAMIC PIRATE CHEST MONEY BANK,1122.95
SNOWFLAKE PORTABLE TABLE LIGHT ,1122.19
HERB MARKER PARSLEY,1119.15
EUCALYPTUS & PINECONE  WREATH,1118.65
GIN AND TONIC DIET METAL SIGN,1118.46
NATURAL HANGING QUILTED HEARTS ,1113.13
LARGE CAKE STAND HANGING HEARTS,1111.05
CHARLIE+LOLA PINK HOT WATER BOTTLE,1107.01
CERAMIC BOWL WITH STRAWBERRY DESIGN,1106.55
MINI PLAYING CARDS SPACEBOY ,1106.28
CERAMIC CAKE DESIGN SPOTTED PLATE,1104.89
SMALL RED BABUSHKA NOTEBOOK ,1104.74
BLUE POLKADOT GARDEN PARASOL,1104.6
ASSORTED BOTTLE TOP  MAGNETS ,1104.36
EMERGENCY FIRST AID TIN ,1102.64
VINTAGE EMBOSSED HEART,1102.46
SET OF 36 DOILIES SPACEBOY DESIGN ,1102.4
DINOSAUR PARTY BAG + STICKER SET,1101.44
BIRDS MOBILE VINTAGE DESIGN,1100.21
MARIE ANTOINETTE TRINKET BOX SILVER,1099.0
RIBBON REEL SOCKS AND MITTENS,1097.88
SET OF 6 3D KIT CARDS FOR KIDS,1097.73
MEASURING TAPE BABUSHKA PINK,1094.8
BLUE POLKADOT BEAKER ,1094.34
4 PEAR BOTANICAL DINNER CANDLES,1093.75
TV DINNER TRAY AIR HOSTESS ,1092.73
FRENCH BLUE METAL DOOR SIGN 2,1092.51
CHERUB HEART DECORATION SILVER ,1089.6
HANGING PHOTO CLIP ROPE LADDER,1089.58
CHRISTMAS RETROSPOT TREE WOOD,1088.13
KITCHEN METAL SIGN,1087.46
WALL ART LOVES' SECRET ,1082.11
ANT WHITE WIRE HEART SPIRAL,1076.66
BIG DOUGHNUT FRIDGE MAGNETS,1076.1
EMBROIDERED RIBBON REEL DAISY ,1075.38
ASSORTED CREEPY CRAWLIES,1073.47
EMBROIDERED RIBBON REEL SUSIE ,1072.96
HERB MARKER MINT,1070.25
GLITTER HEART GARLAND WITH BELLS ,1068.59
RED RETROSPOT STORAGE JAR,1067.1
LAVENDER TOILETTE BOTTLE,1066.88
SET OF 2 CERAMIC CHRISTMAS TREES,1065.4
CARD GINGHAM ROSE ,1063.66
50'S CHRISTMAS PAPER GIFT BAG,1059.94
VINTAGE BILLBOARD MUG ,1058.54
GLITTER HEART DECORATION,1056.34
HERB MARKER CHIVES ,1055.95
DOLLY GIRL WALL ART,1055.94
GLITTER CHRISTMAS STAR ,1053.46
LARGE CHINESE STYLE SCISSOR,1053.45
SET 36 COLOUR PENCILS LOVE LONDON,1053.29
 OVAL WALL MIRROR DIAMANTE ,1050.0
MINI JIGSAW DOLLY GIRL,1049.15
CHARLIE AND LOLA TABLE TINS,1048.35
EMBROIDERED RIBBON REEL EMILY ,1046.42
PRETTY HANGING QUILTED HEARTS,1045.2
AIRLINE BAG VINTAGE JET SET BROWN,1043.3
70'S ALPHABET WALL ART,1043.1
PAPER LANTERN 9 POINT SNOW STAR,1040.1
ROCKING HORSE GREEN CHRISTMAS ,1039.24
TRAVEL CARD WALLET UNION JACK,1038.9
JUNGLE POPSICLES ICE LOLLY MOULDS,1038.66
FAUX FUR CHOCOLATE THROW,1035.75
SET OF 16 VINTAGE BLACK CUTLERY,1035.06
DISCO BALL ROTATOR BATTERY OPERATED,1034.0
GARLAND WITH HEARTS AND BELLS,1032.15
FRIDGE MAGNETS LES ENFANTS ASSORTED,1031.85
LOVE HEART TRINKET POT,1029.14
WRAP  VINTAGE DOILY ,1029.0
EMBROIDERED RIBBON REEL SOPHIE  ,1025.01
HOME SMALL WOOD LETTERS,1024.65
VINTAGE BILLBOARD DRINK ME MUG,1020.98
SMALL HAMMERED SILVER CANDLEPOT ,1020.7
NO JUNK MAIL METAL SIGN,1019.59
DRAWER KNOB VINTAGE GLASS STAR,1016.97
VINTAGE UNION JACK SHOPPING BAG,1016.85
 TRELLIS COAT RACK,1016.55
WALL ART MID CENTURY MODERN ,1015.78
SET OF 6 KASHMIR FOLKART BAUBLES,1014.75
ROSE 1 WICK MORRIS BOXED CANDLE,1013.52
MINI PLAYING CARDS DOLLY GIRL ,1013.04
HANGING CLEAR MINI BOTTLE,1012.02
SMALL PURPLE BABUSHKA NOTEBOOK ,1010.23
SPACEBOY TV DINNER TRAY,1009.04
"AIRLINE LOUNGE,METAL SIGN",1007.21
SWEETHEART WALL TIDY ,1007.08
MAGNETS PACK OF 4 VINTAGE COLLAGE,1005.72
HANGING QUILTED PATCHWORK APPLES,1003.17
I LOVE LONDON BEAKER,999.75
PACK OF 12 PINK PAISLEY TISSUES ,999.6
RED RETROSPOT PURSE ,998.2
FRENCH BLUE METAL DOOR SIGN No,997.2
ZINC  HEART T-LIGHT HOLDER,997.18
MILK PAN RED RETROSPOT,996.13
MISELTOE HEART WREATH CREAM,996.0
PACK OF 12 VINTAGE CHRISTMAS TISSUE,995.46
SILVER HEARTS TABLE DECORATION,995.33
CHRISTMAS HANGING TREE WITH BELL,993.66
SET 12 COLOUR PENCILS LOVE LONDON,991.45
HEART MINI PORTRAIT FRAME,990.9
ANGEL DECORATION STARS ON DRESS,987.42
GLASS JAR PEACOCK BATH SALTS,987.23
RED FLOWER CROCHET FOOD COVER,982.49
RIBBON REEL FLORA + FAUNA ,978.37
PENS ASSORTED FUNKY JEWELED ,977.89
DINOSAURS  WRITING SET ,975.1
PLACE SETTING WHITE STAR,967.13
VINTAGE KID DOLLY CARD ,966.07
"HOOK, 1 HANGER ,MAGIC GARDEN",965.26
BROWN CHECK CAT DOORSTOP ,965.0
CAKE STAND LOVEBIRD 2 TIER PINK,964.4
5 HOOK HANGER MAGIC TOADSTOOL,964.35
CHARLIE + LOLA BISCUITS TINS,963.35
FRIDGE MAGNETS LA VIE EN ROSE,963.3
CAST IRON HOOK GARDEN TROWEL,962.73
PIZZA PLATE IN BOX,962.48
SET OF 2 CHRISTMAS DECOUPAGE CANDLE,961.4
FOLDING BUTTERFLY MIRROR RED  ,961.28
PACK OF 12 SPACEBOY TISSUES,960.61
GREY FLORAL FELTCRAFT SHOULDER BAG,960.0
PACK OF 6 COCKTAIL PARASOL STRAWS,958.32
FRENCH GARDEN SIGN BLUE METAL,956.83
SILVER RECORD COVER FRAME,955.86
TOAST ITS - I LOVE YOU ,955.4
EMBROIDERED RIBBON REEL RACHEL ,954.93
DANISH ROSE ROUND SEWING BOX,951.79
SET OF 16 VINTAGE SKY BLUE CUTLERY,951.3
"ART LIGHTS,FUNK MONKEY",950.45
LARGE RED BABUSHKA NOTEBOOK ,949.21
MEASURING TAPE BABUSHKA BLUE,948.75
ZINC HEART FLOWER T-LIGHT HOLDER,947.18
WRAP GINGHAM ROSE ,943.92
DRAWER KNOB CERAMIC RED,943.75
MUSICAL ZINC HEART DECORATION ,943.64
SMALL HANGING IVORY/RED WOOD BIRD,943.13
"FEATHER PEN,LIGHT PINK",941.34
POLKA DOT RAFFIA FOOD COVER,941.21
CARDHOLDER GINGHAM STAR,940.49
FRENCH BLUE METAL DOOR SIGN 3,939.93
LARGE PURPLE BABUSHKA NOTEBOOK  ,939.52
YELLOW METAL CHICKEN HEART ,938.12
WALL ART GARDEN HAVEN ,936.34
12 IVORY ROSE PEG PLACE SETTINGS,936.25
AIRLINE BAG VINTAGE WORLD CHAMPION ,935.33
GROW YOUR OWN PLANT IN A CAN ,934.26
HOME SWEET HOME 3 PEG HANGER ,934.17
KIDS RAIN MAC BLUE,933.53
ASSORTED EASTER GIFT TAGS,933.26
TRAVEL CARD WALLET SUKI,932.88
WALL ART BUFFALO BILL ,932.67
DECORATIVE WICKER HEART SMALL,932.28
SILVER PLATE CANDLE BOWL SMALL,932.2
EASTER TIN BUCKET,931.95
RED RETROSPOT TISSUE BOX,930.04
FRENCH BLUE METAL DOOR SIGN 5,929.97
WHITE HEART CONFETTI IN TUBE,929.91
MINI FUNKY DESIGN TAPES,929.45
TEA PARTY  WRAPPING PAPER ,929.0
APRON MODERN VINTAGE COTTON,927.95
STAR DECORATION PAINTED ZINC ,924.95
STAR DECORATION RUSTIC,924.42
EASTER TIN CHICKS PINK DAISY,924.0
ANIMALS AND NATURE WALL ART,923.97
ZINC SWEETHEART WIRE LETTER RACK,923.63
EMBROIDERED RIBBON REEL ROSIE,921.46
EMPIRE TISSUE BOX,919.67
EGG CUP MILKMAID HEIDI,919.52
RAINY LADIES BIRTHDAY CARD,918.91
MINI JIGSAW CIRCUS PARADE ,915.78
4 IVORY DINNER CANDLES SILVER FLOCK,913.74
SET/4 SKULL BADGES,913.7
PORCELAIN T-LIGHT HOLDERS ASSORTED,913.63
CUT GLASS HEXAGON T-LIGHT HOLDER,912.96
200 RED + WHITE BENDY STRAWS,912.27
BOUDOIR SQUARE TISSUE BOX,910.08
EMBROIDERED RIBBON REEL SALLY ,909.14
ORANGE TV TRAY TABLE ,908.15
PINK METAL CHICKEN HEART ,906.14
CAKE PLATE LOVEBIRD PINK,902.85
MINI PLAYING CARDS GYMKHANA,901.74
SET OF 6 T-LIGHTS EASTER CHICKS,899.8
WALL ART DOLLY GIRL ,896.37
HOME SWEET HOME BOTTLE ,895.04
ICE CREAM DESIGN GARDEN PARASOL,894.35
BLACK ENCHANTED FOREST PLACEMAT,893.25
ADULT APRON APPLE DELIGHT,891.93
SKULLS  STICKERS,891.22
DANISH ROSE FOLDING CHAIR,890.4
SKULLS WRITING SET ,887.7
TOAST ITS - BEST MUM,885.95
SPACEBOY WALL ART,885.9
SLEEPING CAT ERASERS,885.45
TRAVEL CARD WALLET RETROSPOT,882.24
LARGE MEDINA STAMPED METAL BOWL ,881.16
FANNY'S REST STOPMETAL SIGN,879.18
WALL ART THE MAGIC FOREST ,876.64
VANILLA INCENSE IN TIN,876.34
MEDIUM MEDINA STAMPED METAL BOWL ,876.15
WHITE HEARTS WIRE PLANT POT HOLDER,873.56
PINK POLKADOT GARDEN PARASOL,866.25
CREAM SWEETHEART LETTER RACK,866.05
WRAP RED VINTAGE DOILY,866.0
BLUE PAPER PARASOL ,865.65
WHITE SOAP RACK WITH 2 BOTTLES,864.35
IVORY HANGING DECORATION  BIRD,862.75
ENGLISH ROSE SPIRIT LEVEL ,860.88
EMBROIDERED RIBBON REEL REBECCA ,860.88
TRAVEL CARD WALLET SKULLS,860.4
"NURSERY A,B,C PAINTED LETTERS",859.2
"ELEPHANT, BIRTHDAY CARD, ",859.08
FRENCH CARRIAGE LANTERN,858.9
SET OF 4 FAIRY CAKE PLACEMATS ,856.25
HEART DECORATION RUSTIC HANGING ,855.92
3D DOG PICTURE PLAYING CARDS,855.5
SET OF 6 FUNKY BEAKERS,854.04
WALL ART WORK REST AND PLAY  ,853.47
PARTY INVITES WOODLAND,853.22
BOX OF 9 PEBBLE CANDLES,851.4
WICKER WREATH SMALL,850.87
RED RETROSPOT BIG BOWL,849.45
4 LILY  BOTANICAL DINNER CANDLES,848.0
FRENCH LAVENDER SCENT HEART,846.6
BUFFALO BILL WALL ART ,845.22
WRAP COWBOYS  ,845.0
RED HEARTS LIGHT CHAIN ,844.34
IVORY KNITTED MUG COSY ,841.79
SET/3 CHRISTMAS DECOUPAGE CANDLES,841.56
3 GARDENIA MORRIS BOXED CANDLES,840.29
3D HEARTS  HONEYCOMB PAPER GARLAND,838.5
JAM CLOCK MAGNET,838.47
CLOCK MAGNET MUM'S KITCHEN,837.88
GOLD MUG BONE CHINA TREE OF LIFE,835.61
TREASURE AHOY WALL ART,833.46
SET/3 DECOUPAGE STACKING TINS,827.7
BOOM BOX SPEAKER GIRLS,827.15
SET OF 2 TINS JARDIN DE PROVENCE,826.55
BLUE POLKADOT COFFEE MUG,826.14
GLITTER STAR GARLAND WITH BELLS ,825.45
PLAYING CARDS VINTAGE DOILY ,822.73
DOLLY MIXTURE CHILDREN'S UMBRELLA,822.38
CHEST 7 DRAWER MA CAMPAGNE,821.3
JIGSAW TREE WITH BIRDHOUSE,821.13
WOOD STAMP SET BEST WISHES,820.91
EGG FRYING PAN RED ,820.32
WIRE EGG BASKET ,819.65
FRENCH STYLE STORAGE JAR CAFE ,819.46
SMALL SILVER FLOWER CANDLE POT,817.15
SMALL REGAL  SILVER CANDLEPOT ,817.05
CHOCOLATE 3 WICK MORRIS BOX CANDLE,816.25
SET OF 16 VINTAGE RED CUTLERY,814.92
CHERRY CROCHET FOOD COVER,813.67
TEA TIME DES TEA COSY,813.61
RETRO PLASTIC ELEPHANT TRAY,812.53
AIRLINE BAG VINTAGE JET SET WHITE,812.19
HOT BATHS SOAP HOLDER,809.51
FRENCH BLUE METAL DOOR SIGN 4,809.32
WOOD STAMP SET FLOWERS,806.73
CHARLIE & LOLA WASTEPAPER BIN BLUE,805.75
MOTORING TISSUE BOX,804.81
MULTICOLOUR SPRING FLOWER MUG,803.74
BALLOON ART MAKE YOUR OWN FLOWERS,801.45
ASSORTED TUTTI FRUTTI PEN,800.95
WOOD STAMP SET HAPPY BIRTHDAY,798.67
HORSE & PONY WALL ART,797.31
SMALL BONNE JAM JAR  T-LIGHT HOLDER,795.68
LIPSTICK PEN FUSCHIA,794.78
BLUE POT PLANT CANDLE ,794.45
PING MICROWAVE APRON,793.6
BLUE SAVANNAH PICNIC HAMPER FOR 2,793.35
HEART SHAPE WIRELESS DOORBELL,792.54
LARGE WHITE HONEYCOMB PAPER BELL  ,788.04
WRAP GREEN PEARS ,787.5
FRENCH BLUE METAL DOOR SIGN 6,785.57
LOCAL CAFE MUG,785.13
FELT EGG COSY CHICKEN,785.12
ZINC HEART LATTICE T-LIGHT HOLDER,784.22
PACK OF 12 VINTAGE DOILY TISSUES,783.69
CHRISTMAS DECOUPAGE CANDLE,782.77
SMALL POLKADOT CHOCOLATE GIFT BAG ,782.0
WHITE GOOSE FEATHER CHRISTMAS TREE ,781.75
ASSORTED TUTTI FRUTTI SMALL PURSE,780.14
TRAVEL CARD WALLET PANTRY,779.9
"BLACK TEA,COFFEE,SUGAR JARS",779.45
PURPLE PAPER PARASOL,779.45
 NINE DRAWER OFFICE TIDY,777.9
VINTAGE BEAD PINK PURSE ,774.76
REINDEER HEART DECORATION GOLD,774.43
SMALL CHOCOLATES PINK BOWL,774.18
FRENCH BLUE METAL DOOR SIGN 7,773.11
6 RIBBONS SHIMMERING PINKS ,772.94
RED LOVE HEART SHAPE CUP,772.91
PHOTO FRAME LINEN AND LACE LARGE,771.72
FRENCH ENAMEL WATER BASIN,771.21
HAPPY EASTER HANGING DECORATION,770.22
BLUE/CREAM STRIPE CUSHION COVER ,769.9
HOME GARLAND PAINTED ZINC ,769.65
"SWISS ROLL TOWEL, PINK  SPOTS",769.65
MINI JIGSAW PURDEY,767.41
BAKING MOULD ROSE WHITE CHOCOLATE,766.88
PINK  HEART CONFETTI IN TUBE,766.56
GINGHAM ROSE WRAP,766.5
CARD SUKI BIRTHDAY,763.08
FAIRY CAKES NOTEBOOK A6 SIZE,762.99
MAGIC DRAWING SLATE DINOSAUR,762.72
DOLLY CABINET 3 DRAWERS ,762.45
WHITE STITCHED WALL CLOCK,761.9
HIPPY CHIC DECORATIVE PARASOL,761.85
BIRDCAGE DECORATION TEALIGHT HOLDER,761.57
WRAP ALPHABET POSTER  ,761.0
ASSORTED INCENSE PACK,760.32
"BIRTHDAY CARD, RETRO SPOT",758.88
CHILDS GARDEN FORK BLUE ,757.89
PANTRY 3 HOOK ROLLING PIN HANGER,757.5
BLUE POLKADOT WASHING UP GLOVES,756.0
WRAP BILLBOARD FONTS DESIGN,756.0
SCENTED VELVET LOUNGE CANDLE ,755.13
EMBROIDERED RIBBON REEL CLAIRE,755.01
SWEET HEART CAKE CARRIER,754.0
SKULLS GREETING CARD,753.12
SPOTTY PINK DUCK DOORSTOP,752.51
SET OF 2 TINS VINTAGE BATHROOM ,752.25
APOTHECARY MEASURING JAR,751.4
STAR PORTABLE TABLE LIGHT ,750.7
MOBILE VINTAGE HEARTS ,750.3
HANGING SPRING FLOWER EGG LARGE,746.28
ZINC HEARTS PLANT POT HOLDER,746.15
PARTY PIZZA DISH RED RETROSPOT,744.34
SET 6 FOOTBALL CELEBRATION CANDLES,743.75
RELAX LARGE WOOD LETTERS,743.7
JOY WOODEN BLOCK LETTERS,742.63
CARD PSYCHEDELIC APPLES,742.2
SET OF 6 HEART CHOPSTICKS,741.48
CHILDS GARDEN BRUSH PINK,741.0
BOOM BOX SPEAKER BOYS,740.15
TOMATO CHARLIE+LOLA COASTER SET,739.19
SET/5 RED SPOTTY LID GLASS BOWLS,734.4
"WRAP, BILLBOARD FONTS DESIGN",731.0
SMALL GLASS SUNDAE DISH CLEAR,730.44
RED ENCHANTED FOREST PLACEMAT,730.05
WHITE BAMBOO RIBS LAMPSHADE,728.66
COSMETIC BAG VINTAGE ROSE PAISLEY,728.62
RED TEA TOWEL CLASSIC DESIGN,728.52
PINK FLOWER CROCHET FOOD COVER,727.46
SET OF 6 STRAWBERRY CHOPSTICKS,725.49
IVORY PILLAR CANDLE SILVER FLOCK,725.19
ETCHED GLASS COASTER,722.88
EGG FRYING PAN IVORY ,722.56
CHILDRENS GARDEN GLOVES BLUE,721.0
FRENCH BLUE METAL DOOR SIGN 8,720.57
TALL ROCOCO CANDLE HOLDER,720.0
SQUARE CHERRY BLOSSOM CABINET,719.55
CHILDS GARDEN FORK PINK,716.55
FELTCRAFT HAIRBAND PINK AND PURPLE,716.28
FELTCRAFT HAIRBAND RED AND BLUE,715.7
MIRROR MOSAIC T-LIGHT HOLDER ,715.05
ROSE SCENT CANDLE JEWELLED DRAWER,714.0
CAKE STAND VICTORIAN FILIGREE SMALL,713.8
PACK OF 12 BLUE PAISLEY TISSUES ,712.73
MAGNETS PACK OF 4 HOME SWEET HOME,711.87
FELTCRAFT HAIRBANDS PINK AND WHITE ,711.61
DANISH ROSE DECORATIVE PLATE,710.64
TRAVEL CARD WALLET FLOWER MEADOW,709.62
TEA TIME TEA SET IN GIFT BOX,708.9
LARGE PINK GLASS SUNDAE DISH,708.16
STRIPEY CHOCOLATE NESTING BOXES,707.95
BEADED CRYSTAL HEART GREEN LARGE,707.7
TEA COSY RED  STRIPE,706.83
MAGIC TREE -PAPER FLOWERS,706.35
FELT TOADSTOOL LARGE,706.02
MORE BUTTER METAL SIGN ,705.31
COCKTAIL SWORDS 50 PIECES,705.25
200 BENDY SKULL STRAWS,705.05
SET/6 COLLAGE PAPER PLATES,704.26
WOOD STOCKING CHRISTMAS SCANDISPOT,704.02
CARAVAN SQUARE TISSUE BOX,703.57
EGG CUP MILKMAID INGRID,703.51
BLACK CANDELABRA T-LIGHT HOLDER,702.8
MINI PAINTED GARDEN DECORATION ,702.47
RING OF ROSES BIRTHDAY CARD,702.0
INFLATABLE POLITICAL GLOBE ,699.55
MADRAS NOTEBOOK MEDIUM,699.45
SANDWICH BATH SPONGE,698.25
BLACK WINE GLASS,697.62
PAINTED METAL STAR WITH HOLLY BELLS,697.61
PAPER POCKET TRAVELING FAN ,697.06
TOXIC AREA  DOOR HANGER ,695.23
FRENCH STYLE STORAGE JAR BONBONS,695.06
MIRROR MOSAIC T-LIGHT HOLDER ROUND,694.29
DECORATIVE ROSE BATHROOM BOTTLE,693.52
DAISIES  HONEYCOMB GARLAND ,691.35
MOTHER'S KITCHEN SPOON REST ,690.71
CHRISTMAS TREE HANGING GOLD,690.64
DAIRY MAID TOASTRACK,690.12
SET OF 3 BIRD LIGHT PINK FEATHER ,690.0
PINK HORSE SOCK PUPPET,688.8
PAINTED METAL HEART WITH HOLLY BELL,687.59
GOLD MINI TAPE MEASURE ,687.2
SWALLOW SQUARE TISSUE BOX,685.55
MOODY GIRL DOOR HANGER ,684.96
BLACK STITCHED WALL CLOCK,684.65
VINTAGE LEAF CHOPPING BOARD  ,684.0
RED APPLES CHOPPING BOARD   ,684.0
WOODLAND  STICKERS,683.4
ROMANTIC IMAGES GIFT WRAP SET,679.15
ZINC FINISH 15CM PLANTER POTS,679.01
SET OF 6 RIBBONS PERFECTLY PRETTY  ,678.27
FRENCH BLUE METAL DOOR SIGN 0,678.15
FOLDING UMBRELLA CREAM POLKADOT,677.5
GARDENIA 3 WICK MORRIS BOXED CANDLE,677.04
FELTCRAFT HAIRBAND PINK AND BLUE,676.6
SCOTTIE DOGS BABY BIB,676.39
KENSINGTON COFFEE SET,675.75
BOHEMIAN COLLAGE STATIONERY SET,675.53
LOVE GARLAND PAINTED ZINC ,672.65
KIDS RAIN MAC PINK,672.58
CINAMMON SET OF 9 T-LIGHTS,672.06
BRIGHT BLUES RIBBONS ,671.25
CHRISTMAS TREE HANGING SILVER ,670.11
S/4 IVORY MINI ROSE CANDLE IN BOWL,669.91
DRAWER KNOB VINTAGE GLASS BALL,669.61
MULTICOLOUR HONEYCOMB FAN,669.12
RED RETROSPOT TAPE,668.94
VINTAGE BEAD PINK EVENING BAG,668.88
DOVE DECORATION PAINTED ZINC ,667.71
CHERRY BLOSSOM DECORATIVE FLASK,666.93
UNION JACK FLAG LUGGAGE TAG,666.71
EGG CUP HENRIETTA HEN CREAM ,664.52
CHILDS GARDEN BRUSH BLUE,663.3
LARGE BONNE JAM JAR  T-LIGHT HOLDER,662.06
PAPER BUNTING PAISLEY PARK,661.7
WRAP FLOWER SHOP  ,661.5
TRIPLE WIRE HOOK IVORY HEART,658.54
PAPER LANTERN 7 POINT SNOW STAR,658.35
WHITE CHRISTMAS GARLAND STARS TREES,656.7
VINTAGE RED MUG,656.37
BLOSSOM IMAGES GIFT WRAP SET,655.8
FAIRY CAKES NOTEBOOK A7 SIZE,655.34
HEARTS  STICKERS,655.0
EASTER DECORATION EGG BUNNY ,654.7
CINAMMON & ORANGE WREATH,654.55
SILK PURSE BABUSHKA RED,654.15
SALLE DE BAIN HOOK,653.82
PEARLISED IVORY HEART LARGE ,651.15
ASSORTED EASTER DECORATIONS  BELLS,650.28
SMALL SILVER TRELLIS CANDLEPOT,649.0
CERAMIC PLATE STRAWBERRY DESIGN,648.18
JAZZ HEARTS ADDRESS BOOK,648.12
DECORATIVE CATS BATHROOM BOTTLE,647.03
T-LIGHT HOLDER HANGING LACE,646.26
WASH BAG VINTAGE ROSE PAISLEY,645.15
PHOTO FRAME LINEN AND LACE SMALL,644.8
WALL ART HORSE & PONY ,644.67
PACK OF 6 SMALL FRUIT STRAWS,644.58
BIRDHOUSE DECORATION MAGIC GARDEN,642.94
RED POLKADOT COFFEE  MUG,642.75
EASTER TREE YELLOW BIRDS,642.6
BANQUET BIRTHDAY  CARD  ,642.24
RUSTIC STRAWBERRY JAM POT SMALL,642.0
BLOSSOM  IMAGES NOTEBOOK SET,640.5
LARGE WHITE/PINK ROSE ART FLOWER,639.36
MEASURING TAPE BABUSHKA RED,639.0
CARD CAT AND TREE ,636.48
"BUNTING , SPOTTY ",634.7
HI TEC ALPINE HAND WARMER,632.76
S/12 VANILLA  BOTANICAL T-LIGHTS,632.75
NAMASTE SWAGAT INCENSE,632.34
CANDY HEART HANGING DECORATION,631.71
MIRROR MOSAIC VOTIVE HOLDER,631.62
GARDENIA 1 WICK MORRIS BOXED CANDLE,631.03
FENG SHUI PILLAR CANDLE,630.23
MAGIC DRAWING SLATE BUNNIES ,630.18
POLKADOT RAIN HAT ,629.89
PACK OF 12 PAISLEY PARK TISSUES ,629.46
SMALL APOTHECARY MEASURING JAR ,629.05
CARD PARTY GAMES ,628.74
SET/6 FROG PRINCE T-LIGHT CANDLES,628.47
MR ROBOT SOFT TOY,626.45
BIRD DECORATION RED RETROSPOT,625.6
IVORY ENCHANTED FOREST PLACEMAT,624.45
TRAVEL CARD WALLET RETRO PETALS,623.94
BLACK CHAMPAGNE GLASS,621.87
COOKING SET RETROSPOT,621.66
CHERUB HEART DECORATION GOLD,620.45
RED DRAGONFLY HELICOPTER,620.1
RED CHARLIE+LOLA PERSONAL DOORSIGN,618.35
RETRO MOD TRAY,618.13
PACK OF 12 CIRCUS PARADE TISSUES ,617.84
DOG TOY WITH PINK CROCHET SKIRT,615.76
CARD WEDDING DAY,615.24
SMALL YELLOW BABUSHKA NOTEBOOK ,613.78
LAUREL HEART ANTIQUE GOLD,613.51
PINK DOG BOWL,613.24
PAPERWEIGHT VINTAGE COLLAGE,612.28
WOODLAND STORAGE BOX LARGE ,612.05
OVAL  MINI PORTRAIT FRAME,611.85
JARDIN ETCHED GLASS FRUITBOWL,611.65
SILK PURSE BABUSHKA BLUE,610.65
VINTAGE JINGLE BELLS WREATH,610.5
EDWARDIAN HEART PHOTO FRAME,610.05
NURSE'S BAG SOFT TOY,608.6
PINK  HONEYCOMB PAPER BALL ,607.86
BLACK TEA TOWEL CLASSIC DESIGN,607.74
VINTAGE POST OFFICE CABINET,607.65
3 RAFFIA RIBBONS VINTAGE CHRISTMAS,606.28
MAGIC DRAWING SLATE BAKE A CAKE ,605.52
TRIANGULAR POUFFE VINTAGE ,605.45
POTTING SHED SEED ENVELOPES,604.48
SET OF 6 GIRLS CELEBRATION CANDLES,604.19
PANTRY APPLE CORER,601.95
FOLDING UMBRELLA BLACKBLUE POLKADOT,601.22
DO NOT TOUCH MY STUFF DOOR HANGER ,599.79
BASKET OF FLOWERS SEWING KIT,599.76
CERAMIC BOWL WITH LOVE HEART DESIGN,599.74
CHILDS GARDEN TROWEL BLUE ,599.25
LARGE HANGING IVORY & RED WOOD BIRD,598.37
FOLDING BUTTERFLY MIRROR IVORY ,597.78
BUNNY WOODEN PAINTED WITH BIRD ,597.31
DRAWER KNOB VINTAGE GLASS HEXAGON,596.96
PAPERWEIGHT SAVE THE PLANET,596.91
RATTLE SNAKE EGGS,596.84
SIX DRAWER OFFICE TIDY,596.0
ENCHANTED BIRD PLANT CAGE,595.8
SET OF 6 T-LIGHTS WEDDING CAKE ,595.65
18PC WOODEN CUTLERY SET DISPOSABLE,595.15
ASSORTED TUTTI FRUTTI MIRROR,594.26
MINI CAKE STAND T-LIGHT HOLDER,591.84
SMALL STRIPES CHOCOLATE GIFT BAG ,591.25
LOVE HEART NAPKIN BOX ,590.75
PINK STITCHED WALL CLOCK,590.57
LARGE APOTHECARY MEASURING JAR ,587.2
S/15 SILVER GLASS BAUBLES IN BAG,586.46
PINK LOVE HEART SHAPE CUP,585.78
EMBROIDERED RIBBON REEL RUBY ,585.63
SET OF 4 FAIRY CAKE PLACEMATS,585.0
MIRROR MOSAIC HURRICANE LAMP ,584.9
"METAL SIGN,CUPCAKE SINGLE HOOK",584.3
SET/4 RED MINI ROSE CANDLE IN BOWL,583.25
STARS GIFT TAPE ,581.06
HEART STRING MEMO HOLDER HANGING,580.94
BLUE FELT EASTER EGG BASKET,577.5
FRENCH BLUE METAL DOOR SIGN 9,576.9
CUSHION COVER PINK UNION JACK,576.64
PIN CUSHION BABUSHKA RED,576.31
JARDIN ETCHED GLASS CHEESE DISH,575.45
ANTIQUE GLASS HEART DECORATION ,575.25
SMALL ROUND CUT GLASS CANDLESTICK,574.75
POCKET BAG BLUE PAISLEY RED SPOT,574.66
HAIRCLIPS FORTIES FABRIC ASSORTED,572.26
MAGNETS PACK OF 4 VINTAGE LABELS ,569.36
CHRISTMAS TREE PAINTED ZINC ,569.29
VINTAGE CARAVAN GREETING CARD ,569.02
MAGNETS PACK OF 4 RETRO PHOTO,568.76
ELEPHANT CARNIVAL POUFFE,568.1
BATHROOM METAL SIGN ,566.8
HANGING BAUBLE T-LIGHT HOLDER SMALL,566.55
MIRROR MOSAIC GOBLET CANDLE HOLDER,566.5
SMALL MEDINA STAMPED METAL BOWL ,565.21
CURIOUS IMAGES GIFT WRAP SET,565.1
HANGING METAL RABBIT DECORATION,565.0
EASTER DECORATION HANGING BUNNY,562.7
CHOC TRUFFLE GOLD TRINKET POT ,562.53
PINK PAISLEY SQUARE TISSUE BOX ,561.75
IVORY RETRO KITCHEN WALL CLOCK,559.5
VINTAGE BEAD PINK SCARF ,557.1
GREEN ROSE WASHBAG,555.0
TRAVEL CARD WALLET VINTAGE LEAF,554.4
LARGE STRIPES CHOCOLATE GIFT BAG,553.75
CHOCOLATE 1 WICK MORRIS BOX CANDLE,553.58
CHILDRENS GARDEN GLOVES PINK,553.5
FELTCRAFT DOLL MARIA,553.1
PARTY CONES CANDY TREE DECORATION,552.18
MEDIUM PARLOUR PICTURE FRAME ,550.0
BIRTHDAY PARTY CORDON BARRIER TAPE,548.63
ASSTD MULTICOLOUR CIRCLES MUG,547.98
ROMANTIC IMAGES NOTEBOOK SET,547.25
LARGE YELLOW BABUSHKA NOTEBOOK ,546.88
WRAP BIRD GARDEN ,546.0
CARROT CHARLIE+LOLA COASTER SET,545.99
SILVER T-LIGHT SETTING,545.45
ENAMEL PINK COFFEE CONTAINER,545.38
ASSTD FRUIT+FLOWERS FRIDGE MAGNETS,545.16
PACK OF 12 VINTAGE LEAF TISSUES ,544.62
DECORATIVE PLANT POT WITH FRIEZE,544.5
HYACINTH BULB T-LIGHT CANDLES,544.32
FELT FARM ANIMAL RABBIT,543.94
EDWARDIAN PHOTO FRAME,543.75
SILVER CHRISTMAS TREE BAUBLE STAND ,543.35
BLUE CALCULATOR RULER,543.01
MOODY BOY  DOOR HANGER ,542.36
SEWING SUSAN 21 NEEDLE SET,542.24
SET OF 6 CAKE CHOPSTICKS,541.82
FRENCH FLORAL CUSHION COVER ,541.75
PORCELAIN BUTTERFLY OIL BURNER,540.55
PINK PADDED MOBILE,539.75
CHILDS GARDEN SPADE BLUE,537.0
THREE MINI HANGING FRAMES,535.35
GIFT BAG PSYCHEDELIC APPLES,534.66
GARDEN PATH JOURNAL,534.46
BLUE PAISLEY JOURNAL ,534.32
MULTICOLOUR 3D BALLS GARLAND,532.95
RUSTIC STRAWBERRY JAM POT LARGE ,531.84
MAGIC GARDEN FELT GARLAND ,531.78
PASTEL COLOUR HONEYCOMB FAN,531.69
12 DAISY PEGS IN WOOD BOX,531.3
CREAM SLICE FLANNEL CHOCOLATE SPOT ,530.95
WOODLAND SMALL RED FELT HEART,530.83
DECORATION WHITE CHICK MAGIC GARDEN,530.49
LOVE HEART SOCK HANGER,530.25
WRAP WEDDING DAY,528.5
SUNFLOWER DECORATIVE PARASOL,528.45
CHRISTMAS MUSICAL ZINC STAR,528.21
WEEKEND BAG VINTAGE ROSE PAISLEY,527.85
GLITTER CHRISTMAS TREE WITH BELLS,527.65
SMALL SKULL WINDMILL,527.53
BEADED CRYSTAL HEART PINK LARGE,526.38
WRAP MONSTER FUN ,525.0
BLUE TEA TOWEL CLASSIC DESIGN,523.52
FUSCHIA RETRO BAR STOOL,523.3
TREE T-LIGHT HOLDER WILLIE WINKIE,522.74
METAL TUBE CHIME ON BAMBOO,522.56
SET 12 VINTAGE DOILY CHALK ,522.48
EAU DE NILE JEWELLED PHOTOFRAME,522.45
SET/4 COLOURFUL MIXING BOWLS,522.16
WHITE BELL HONEYCOMB PAPER GARLAND ,522.0
GREEN GOOSE FEATHER CHRISTMAS TREE ,520.65
EGG CUP NATURAL CHICKEN,520.48
DANISH ROSE BEDSIDE CABINET,519.35
URBAN BLACK RIBBONS ,519.22
SQUARE MINI PORTRAIT FRAME,519.0
RECYCLED PENCIL WITH RABBIT ERASER,518.19
RED FLOCK LOVE HEART PHOTO FRAME,517.68
FELT FARM ANIMAL WHITE BUNNY ,517.07
SET OF 4 NAPKIN CHARMS STARS   ,516.8
PINK POT PLANT CANDLE,516.25
MINI JIGSAW BAKE A CAKE ,515.77
S/12 MINI RABBIT EASTER,515.4
JIGSAW RABBIT AND BIRDHOUSE,514.7
PACK OF 6 PANETTONE GIFT BOXES,513.91
GLASS TWIST BON BON JAR,512.85
BLUE CHARLIE+LOLA PERSONAL DOORSIGN,512.8
SET OF 2 ROUND TINS CAMEMBERT ,512.23
CUT GLASS T-LIGHT HOLDER OCTAGON,511.35
GLASS SPHERE CANDLE STAND MEDIUM,510.75
RED/CREAM STRIPE CUSHION COVER ,509.9
CHILDS GARDEN TROWEL PINK,508.3
GUMBALL MONOCHROME COAT RACK,508.07
HEART BEADED TRELLIS DECORATION,507.52
SHOE SHINE BOX ,507.45
HAND OPEN SHAPE GOLD,506.58
JIGSAW TOADSTOOLS 3 PIECE,506.43
ROSE FOLKART HEART DECORATIONS,504.64
LAUREL STAR ANTIQUE SILVER ,504.6
BLACK CHRISTMAS TREE 120CM,503.85
UNION STRIPE CUSHION COVER ,503.75
FIVE CATS HANGING DECORATION,503.37
SILVER GLASS T-LIGHT SET,502.48
SINGLE WIRE HOOK PINK HEART,502.38
BLACK PIRATE TREASURE CHEST,502.38
LIPSTICK PEN BABY PINK,499.91
CHARLIE+LOLA RED HOT WATER BOTTLE ,498.53
PINK PAISLEY ROSE GIFT WRAP,498.5
PACK OF 12 STICKY BUNNIES,497.25
SET/6 PINK BIRD T-LIGHT CANDLES,497.21
IVORY LOVE BIRD CANDLE,496.72
CORONA MEXICAN TRAY,496.25
HANGING HEART BONHEUR,495.83
WALL ART SPACEBOY,495.48
WHITE GOOSE FEATHER TREE 60CM ,495.3
GIFT BAG BIRTHDAY,494.83
METAL SIGN HIS DINNER IS SERVED,493.39
ENVELOPE 50 BLOSSOM IMAGES,491.55
12 RED ROSE PEG PLACE SETTINGS,490.0
WALL MIRROR RECTANGLE DIAMANTE PINK,489.9
ASSORTED TUTTI FRUTTI NOTEBOOK,489.3
GARAGE KEY FOB,489.2
CHILDS GARDEN SPADE PINK,488.7
BLUE ROSE FABRIC MIRROR,487.34
CARD DOG AND BALL ,487.08
PARTY INVITES DINOSAURS,487.05
DINOSAUR HEIGHT CHART STICKER SET,486.75
FRENCH STYLE EMBOSSED HEART CABINET,485.9
VINTAGE COFFEE GRINDER BOX,485.7
ABSTRACT CIRCLES SKETCHBOOK ,483.63
HENRIETTA HEN MUG ,483.45
DANISH ROSE TRINKET TRAYS,483.05
EASTER TIN CHICKS IN GARDEN,481.8
PARTY CONES CARNIVAL ASSORTED,479.7
CLASSIC GLASS SWEET JAR,479.45
SET/6 FRUIT SALAD  PAPER PLATES,479.25
BLUE NEW BAROQUE CANDLESTICK CANDLE,478.15
SNOWSTORM PHOTO FRAME FRIDGE MAGNET,477.97
GLASS JAR KINGS CHOICE,477.79
PINK HEART SHAPE PHOTO FRAME,476.35
EMPIRE BIRTHDAY CARD,476.25
GLASS BONNE JAM JAR,475.95
TUMBLER NEW ENGLAND,475.8
COSY HOUR GIANT TUBE MATCHES,475.65
SET OF 2 ROUND TINS DUTCH CHEESE,474.14
SEASIDE FLYING DISC,472.77
MUM'S KITCHEN CLOCK,471.9
ORANGE SCENTED SET/9 T-LIGHTS,471.45
4 WILDFLOWER BOTANICAL CANDLES,471.25
EAU DE NILE HEART SHAPE PHOTO FRAME,471.15
WALL ART ANIMALS AND NATURE ,471.0
PINK NEW BAROQUECANDLESTICK CANDLE,470.75
BUTTERFLY CROCHET FOOD COVER,468.67
PACK OF 12 DOLLY GIRL TISSUES,468.0
BABY BOOM RIBBONS ,467.5
YULETIDE IMAGES GIFT WRAP SET,467.5
IVORY WIRE SWEETHEART LETTER TRAY,467.05
CAKE STAND VICTORIAN FILIGREE MED,466.95
LAUREL STAR ANTIQUE GOLD,465.81
PINK AND WHITE CHRISTMAS TREE 120CM,465.38
SET/6 COLLAGE PAPER CUPS,463.85
STEEL SWEETHEART ROUND TABLE CREAM,463.45
ASSORTED MINI MADRAS NOTEBOOK,462.6
CHRISTMAS TREE STAR DECORATION,462.42
BEADED PEARL HEART WHITE ON STICK,462.17
FLOOR CUSHION ELEPHANT CARNIVAL,461.3
IVORY PAPER CUP CAKE CASES ,460.7
FELT TOADSTOOL  SMALL,460.7
WRAP KEEP CALM BIRTHDAY,460.5
SMALL PARLOUR PICTURE FRAME,459.56
SET OF 6 VINTAGE NOTELETS KIT,459.0
SET OF 6 RIBBONS PARTY,458.63
PINK UNION JACK  PASSPORT COVER ,457.08
BLUE POLKADOT KIDS BAG,456.36
RETROSPOT BABUSHKA DOORSTOP,455.87
SWISS CHALET TREE DECORATION ,455.57
WRAP MAGIC FOREST ,451.5
BLACK DINER WALL CLOCK,450.5
CHRISTMAS GINGHAM HEART,450.48
ELEPHANT BIRTHDAY CARD ,449.88
"DECORATION , WOBBLY RABBIT , METAL ",448.8
SET OF 3 GOLD FLYING DUCKS,448.3
HANGING SPRING FLOWER EGG SMALL,447.75
PINK GLASS CANDLEHOLDER,447.65
SET OF 6 RIBBONS COUNTRY STYLE,447.07
LADYBIRD + BEE RAFFIA FOOD COVER,446.25
BLUE POLKADOT EGG CUP ,445.26
EMBOSSED HEART TRINKET BOX,444.02
ASSORTED LAQUERED INCENSE HOLDERS,443.76
6PC WOOD PLATE SET DISPOSABLE,443.25
BUTTERFLIES STICKERS,442.71
FELT EGG COSY WHITE RABBIT ,442.36
SET 4 VALENTINE DECOUPAGE HEART BOX,441.53
BISCUITS SMALL BOWL LIGHT BLUE,440.94
ASSORTED TUTTI FRUTTI BRACELET,440.89
SILVER JEWELLED MIRROR TRINKET TRAY,440.74
PAPER LANTERN 5 POINT STAR MOON ,439.9
SWEETHEART CREAM STEEL TABLE RECT,438.9
ASSORTED TUTTI FRUTTI  FOB NOTEBOOK,437.17
CUPID DESIGN SCENTED CANDLES,436.4
PINK FAIRY CAKE CUSHION COVER,436.05
STORAGE TIN HOME SWEET HOME,435.43
EGG CUP MILKMAID HELGA ,435.0
BLACK CHRISTMAS TREE 60CM,433.7
PINK/WHITE CHRISTMAS TREE 60CM,433.22
MINI PLAYING CARDS FUN FAIR ,433.2
PIN CUSHION BABUSHKA PINK,432.99
PAPER LANTERN 9 POINT HOLLY STAR L,431.25
FOLDING UMBRELLA CHOCOLATE POLKADOT,430.06
CERAMIC LOVE HEART MONEY BANK,429.85
MRS ROBOT SOFT TOY,428.85
PACK OF 12 RED APPLE TISSUES,428.01
RIDGED GLASS FINGER BOWL,427.86
CALENDAR FAMILY FAVOURITES,427.43
FLYING PIG WATERING CAN,426.3
DOG AND BALL WALL ART,425.88
NOEL GARLAND PAINTED ZINC ,425.16
PARTY INVITES SPACEMAN,425.0
BEADED CRYSTAL HEART BLUE  LARGE,424.06
SET OF 36 DINOSAUR PAPER DOILIES,423.4
ORIGAMI JASMINE INCENSE/CANDLE SET,422.55
UNION FLAG WINDSOCK,421.97
LAZER CUT NECKLACE W PASTEL BEADS,421.75
CHRISTMAS HANGING SNOWFLAKE,421.02
COCKLE SHELL DISH,420.88
POPPY FIELDS CHOPPING BOARD,420.75
RECTANGULAR SHAPED MIRROR,420.68
FOLDING UMBRELLA WHITE/RED POLKADOT,420.1
CHRISTMAS TREE HEART DECORATION,418.74
VINTAGE GLASS COFFEE CADDY,416.3
SILVER GLITTER FLOWER VOTIVE HOLDER,416.07
EGG FRYING PAN PINK ,415.97
SQUARECUSHION COVER PINK UNION FLAG,415.3
GARDEN PATH SKETCHBOOK,414.58
ENAMEL BLUE RIM BISCUIT BIN,413.95
FRAPPUCINO SCARF KNITTING KIT,413.83
PINK ENAMEL+GLASS HAIR COMB,413.7
DOLLY CABINET 2 DRAWERS ,412.5
FOLDING UMBRELLA PINKWHITE POLKADOT,412.41
PARTY INVITES JAZZ HEARTS,412.11
FRENCH PAISLEY CUSHION COVER ,411.84
COSY SLIPPER SHOES SMALL GREEN,411.54
RIDGED BONNE JAM JAR T-LIGHT HOLDER,411.44
WOODLAND STORAGE BOX SMALL,411.3
BLUE SCANDINAVIAN PAISLEY WRAP,409.5
RED RETROSPOT LUGGAGE TAG,408.75
TOAST ITS - HAPPY BIRTHDAY,408.75
BLUE PAISLEY SKETCHBOOK,408.67
SET/4 BADGES BALLOON GIRL,408.59
PANTRY HOOK BALLOON WHISK ,407.68
HAND TOWEL PALE BLUE W FLOWERS,407.4
DANISH ROSE DELUXE COASTER,407.15
EASTER DECORATION SITTING BUNNY,407.13
SUNSET COLOUR CHUNKY KNITTED THROW,406.8
BUNNY DECORATION MAGIC GARDEN,406.39
PINK POLKADOT CHILDRENS UMBRELLA,406.25
PAPERWEIGHT CHILDHOOD MEMORIES,405.62
HOME SWEET HOME HOOK,405.6
GLITTER CHRISTMAS TREE,405.14
DOORSTOP FOOTBALL DESIGN,404.98
PINK SWEETHEART BRACELET,404.5
LETS GO SHOPPING COTTON TOTE BAG,403.67
DOLLY HONEYCOMB GARLAND,403.2
PINK/PURPLE RETRO RADIO,401.2
GINGHAM BABUSHKA DOORSTOP,400.87
WHITE HAND TOWEL WITH BUTTERFLY,400.5
MIRRORED WALL ART SKULLS,400.0
YELLOW SHARK HELICOPTER,397.5
TOOTHPASTE TUBE PEN,396.6
SMALL SQUARE CUT GLASS CANDLESTICK,396.0
SQUARE FLOOR CUSHION VINTAGE RED,395.45
SET OF 4 NAPKIN CHARMS CROWNS ,394.42
WHITE CANDYSTUFT ARTIFICIAL FLOWER,394.16
BIRTHDAY BANQUET GIFT WRAP,393.5
FAIRY SOAP SOAP HOLDER,392.08
MINI JIGSAW BUNNIES,390.69
EIGHT PIECE SNAKE  SET,388.75
PACK 20 ENGLISH ROSE PAPER NAPKINS,388.69
TABLE LAMP WHITE SHADE WOOD BASE,388.3
S/2 ZINC HEART DESIGN PLANTERS,388.05
WALL ART I LOVE LONDON ,387.3
BELL HEART DECORATION,387.0
ASSTD DESIGN 3D PAPER STICKERS,386.83
COSY SLIPPER SHOES LARGE GREEN,386.45
PINK ROSE WASHBAG,386.25
MIDNIGHT GLAMOUR SCARF KNITTING KIT,385.52
CANDY SPOT HAND BAG,385.27
ANGEL DECORATION PAINTED ZINC ,383.95
SMALL PINK GLASS SUNDAE DISH,383.91
ESSENTIAL BALM 3.5g TIN IN ENVELOPE,383.76
ASSORTED COLOUR LIZARD SUCTION HOOK,382.92
GREEN FERN SKETCHBOOK ,382.46
SQUARECUSHION COVER PINK UNION JACK,382.14
PINK HEARTS LIGHT CHAIN ,381.0
MIRRORED WALL ART SNOWFLAKES,380.25
POPART WOODEN PENCILS ASST,380.0
DARK BIRD HOUSE TREE DECORATION,377.33
SCANDINAVIAN 3 HEARTS NAPKIN RING,376.5
BEACH HUT SHELF W 3 DRAWERS,376.5
RETRO PLASTIC POLKA TRAY,376.0
DECORATION  BUTTERFLY  MAGIC GARDEN,375.79
LARGE PARLOUR PICTURE FRAME,375.75
CLAM SHELL SMALL ,375.73
DECORATION WOBBLY RABBIT METAL ,375.57
"DECORATION , WOBBLY CHICKEN, METAL ",374.55
ENAMEL PINK TEA CONTAINER,374.11
DOLLCRAFT BOY JEAN-PAUL ,373.9
BLUE DRAGONFLY HELICOPTER,373.65
PARTY FOOD SHOPPER BAG,373.5
PARTY PIZZA DISH PINK POLKADOT,372.74
SKULLS  DESIGN  COTTON TOTE BAG,371.25
T-LIGHT HOLDER SILVER HEART HANDLE,370.8
GLASS CHALICE BLUE SMALL ,369.0
HAWAIIAN GRASS SKIRT ,368.35
ASSORTED TUTTI FRUTTI KEYRING BALL,367.98
NEW BAROQUE JEWELLERY BOX ,367.6
MADRAS NOTEBOOK LARGE ,367.5
CHRYSANTHEMUM SKETCHBOOK ,367.34
ANIMAL STICKERS,367.29
CHILDS GARDEN RAKE PINK,366.9
"CHRISTMAS GARLAND STARS,TREES",366.25
SET/6 EAU DE NIL BIRD T-LIGHTS,366.23
FRYING PAN BLUE POLKADOT,366.0
PINK DIAMANTE PEN IN GIFT BOX,365.62
ENGLISH ROSE SCENTED HANGING FLOWER,365.5
IVORY PILLAR CANDLE GOLD FLOCK,365.05
SET/12 TAPER CANDLES,364.95
PINK  HONEYCOMB PAPER FAN,364.6
IVORY STRING CURTAIN WITH POLE ,363.7
ORIGAMI ROSE INCENSE/CANDLE SET ,362.95
TOAST ITS - FAIRY FLOWER,361.9
SMALL FOLDING SCISSOR(POINTED EDGE),360.71
MAGIC DRAWING SLATE LEAP FROG ,360.06
MIRRORED WALL ART STARS,360.0
DECORATIVE HANGING SHELVING UNIT,359.7
RED RETRO KITCHEN WALL CLOCK,358.6
RETROSPOT CANDLE  MEDIUM,357.62
TEA COSY BLUE STRIPE,356.89
JIGSAW TREE WITH WATERING CAN,356.17
PINK SPOTS CHOCOLATE NESTING BOXES ,355.65
EAU DE NIL LOVE BIRD CANDLE,353.72
FELT EGG COSY BLUE RABBIT ,351.62
EGG FRYING PAN MINT ,351.52
PARTY INVITES FOOTBALL,350.2
WHITE BAROQUE WALL CLOCK ,349.95
SET/3 POLKADOT STACKING TINS,349.5
MONEY BOX POCKET MONEY DESIGN,348.69
ROSE DU SUD OVEN GLOVE,348.25
CHILDS GARDEN RAKE BLUE,348.0
GEMSTONE CHANDELIER T-LIGHT HOLDER,347.7
SNACK TRAY RED VINTAGE DOILY,346.35
IVORY SWEETHEART SOAP DISH,346.11
SET/6 FRUIT SALAD PAPER CUPS,345.42
PORCELAIN ROSE LARGE ,345.14
SILVER VANILLA  FLOWER CANDLE POT,345.0
RIDGED GLASS STORAGE JAR CREAM LID,342.72
LOLITA  DESIGN  COTTON TOTE BAG,342.0
ORIGAMI LAVENDER INCENSE/CANDL SET ,341.8
SET OF 4 NAPKIN CHARMS 3 KEYS ,341.67
SILVER ROCOCO CANDLE STICK,340.7
PACK 3 BOXES BIRD PANETTONE ,340.33
PAPER LANTERN 9 POINT HOLLY STAR S,340.3
CHARLIE LOLA BLUE HOT WATER BOTTLE ,338.09
FRENCH LATTICE CUSHION COVER ,337.72
PACK 6 HEART/ICE-CREAM PATCHES,337.42
MONEY BOX KINGS CHOICE DESIGN,336.89
DOLLCRAFT GIRL NICOLE,336.6
MILK MAIDS MUG ,336.6
SILVER FLOWR PINK SHELL NECKLACE,335.28
BUNNY WOODEN PAINTED WITH FLOWER ,334.27
BLUE SCOTTIE DOG W FLOWER PATTERN,334.05
BLACK BAROQUE WALL CLOCK ,333.6
SILVER FISHING GNOME ,332.3
BIRD DECORATION GREEN POLKADOT,331.5
EASTER DECORATION NATURAL CHICK,331.5
HEART TRELLIS TRIPLE T-LIGHT HOLDER,331.42
SET OF 4 NAPKIN CHARMS LEAVES   ,331.29
PANTRY HOOK TEA STRAINER ,330.72
PINK UNION JACK  LUGGAGE TAG,330.02
SILVER ROCCOCO CHANDELIER,329.45
ORIGAMI SANDLEWOOD INCENSE/CAND SET,329.05
MAGIC DRAWING SLATE GO TO THE FAIR ,328.92
DOILEY BISCUIT TIN,327.6
PIECE OF CAMO STATIONERY SET,326.56
CINNAMON SCENTED VOTIVE CANDLE,326.24
MINT GREEN ROSE TOWEL,325.5
WALL ART CAT AND BIRD ,324.98
GRASS HOPPER WOODEN WALL CLOCK ,324.04
CAT AND BIRD WALL ART,323.64
FLOWERS TILE COASTER,322.88
MULTICOLOUR  CONFETTI IN TUBE,322.71
FELT FARM ANIMAL CHICKEN,321.25
DECORATION  PINK CHICK MAGIC GARDEN,320.54
CHARLOTTE BAG ALPHABET  DESIGN,320.5
CAKES AND BOWS GIFT  TAPE,318.81
SET OF 4 BLACK LOVEBIRD COASTERS,318.44
PINK POLKADOT PLATE ,318.34
WALL ART TREASURE AHOY ,317.97
PARTY PIZZA DISH BLUE POLKADOT,317.91
GREEN FERN JOURNAL ,317.71
VEGETABLE GARDEN CHOPPING BOARD,317.7
PANDA AND BUNNIES STICKER SHEET,316.2
PANTRY HOOK SPATULA,316.16
CUTE CATS TAPE,315.55
CANDLE HOLDER SILVER MADELINE,315.29
WHITE TRAVEL ALARM CLOCK,314.31
SET OF 4 PISTACHIO LOVEBIRD COASTER,314.27
GREEN GOOSE FEATHER TREE 60CM,313.95
DECORATIVE FLORE BATHROOM BOTTLE,313.91
"""CHARLIE+LOLA""""EXTREMELY BUSY"""" SIGN""",313.78
MISELTOE HEART WREATH ,312.8
HEART GARLAND RUSTIC PADDED,312.7
EGG FRYING PAN BLUE ,312.0
ALPHABET HEARTS STICKER SHEET,311.95
RETROSPOT CANDLE  SMALL,311.84
BLUE PAISLEY TISSUE BOX,311.56
GREEN SWEETHEART BRACELET,311.0
HOUSE SHAPE PENCIL SHARPENER,309.9
GLASS CHALICE GREEN  LARGE ,309.66
PARTY PIZZA DISH GREEN POLKADOT,309.12
WHITE STITCHED CUSHION COVER,308.48
WOODLAND LARGE PINK FELT HEART,307.18
BABY MOUSE RED GINGHAM DRESS,306.0
SNACK TRAY PAISLEY PARK,305.4
BOTANICAL ROSE GIFT WRAP,304.5
MISELTOE HEART WREATH WHITE,304.5
3 TRADITIONAL COOKIE CUTTERS  SET,304.2
SKULLS SQUARE TISSUE BOX,304.17
PARTY INVITES BALLOON GIRL,302.6
MILK PAN BLUE POLKADOT,302.5
HEARTS GIFT TAPE,301.93
LA JARDIN BOTANIQUE CUSHION COVER,300.0
SET/4 BADGES DOGS,299.56
WOOD AND GLASS MEDICINE CABINET,299.5
PAINT YOUR OWN EGGS IN CRATE,299.36
TUSCAN VILLA DOVECOTE BIRD FEEDER,299.25
MINI  ZINC GARDEN DECORATIONS ,297.89
SET/12 FUNKY FELT FLOWER PEG IN BAG,296.64
PINK FELT EASTER RABBIT GARLAND,295.8
DOLLCRAFT GIRL AMELIE KIT,294.7
SET/3 POT PLANT CANDLES,294.3
BLUE VICTORIAN FABRIC OVAL BOX,293.82
BLUE GLASS GEMS IN BAG,291.25
GOLD STANDING GNOME,290.25
CHRISTMAS MUSICAL ZINC TREE,290.17
CURIO CABINET LINEN AND LACE ,290.1
LUNCH BAG RED SPOTTY,290.0
MEDIUM CHINESE STYLE SCISSOR,289.98
PLASMATRONIC LAMP,288.94
TOYBOX  WRAP ,288.92
FLOOR LAMP SHADE WOOD BASE,287.74
PAPER LANTERN 5 POINT SEQUIN STAR,287.5
DOILY THANK YOU CARD,286.62
BLUE RETRO KITCHEN WALL CLOCK,285.25
COLUMBIAN CANDLE RECTANGLE,285.15
TURQ+RED BOUDICCA LARGE BRACELET,284.95
BLACK SWEETHEART BRACELET,284.75
GOLD FISHING GNOME,284.16
WHITE/PINK CHICK DECORATION,283.89
ICON MUG REVOLUTIONARY,283.71
CHRISTMAS CARD SCREEN PRINT ,283.32
HAND TOWEL PINK FLOWER AND DAISY,281.95
WAKE UP COCKEREL CALENDAR SIGN ,281.13
MINI JIGSAW DINOSAUR ,279.51
RETROSPOT CANDLE  LARGE,279.37
STANDING FAIRY POLE SUPPORT ,278.5
RED SHARK HELICOPTER,278.25
RED VICTORIAN FABRIC OVAL BOX,277.44
WRAP DAISY CARPET ,277.2
COFFEE SCENT PILLAR CANDLE,276.45
SNACK TRAY I LOVE LONDON,276.15
MIRRORED WALL ART POPPIES,274.65
FORKED CACTUS CANDLE,272.98
GOLD PHOTO FRAME,272.34
COLUMBIAN CANDLE ROUND,272.32
WHITE HONEYCOMB PAPER GARLAND ,272.25
BLUE  DIAMANTE PEN IN GIFT BOX,271.8
DOOR HANGER  MUM + DADS ROOM,271.15
METAL SIGN CUPCAKE SINGLE HOOK,270.85
WRAP CHRISTMAS SCREEN PRINT,270.5
HAND OPEN SHAPE DECO.WHITE,270.02
MONEY BOX BISCUITS DESIGN,270.0
CHRISTMAS HANGING HEART WITH BELL,270.0
SET OF 4 POLKADOT PLACEMATS ,269.55
PAINTED PINK RABBIT ,269.45
ASSORTED TUTTI FRUTTI HEART BOX,268.75
JUMBO BAG VINTAGE DOILEY ,268.44
"FLOWER FAIRY,5 SUMMER B'DRAW LINERS",267.75
12 PINK ROSE PEG PLACE SETTINGS,267.5
STRAWBRY SCENTED VOTIVE CANDLE,267.45
RAIN PONCHO ,267.1
LA PALMIERA TILE COASTER,266.64
KITTY PENCIL ERASERS,266.56
PINK FLOWER FABRIC PONY,266.25
PEARLISED IVORY HEART SMALL ,266.21
"GARLAND, VINTAGE BELLS",265.88
 4 PURPLE FLOCK DINNER CANDLES,265.66
PARTY TIME PENCIL ERASERS,265.09
WHITE SAGE INCENSE,264.6
CURIOUS  IMAGES NOTEBOOK SET,262.25
SET/4 BADGES CUTE CREATURES,262.14
SET OF 6 HALLOWEEN GHOST T-LIGHTS,262.08
BOYS ALPHABET IRON ON PATCHES,262.08
HELLO SAILOR BLUE SOAP HOLDER,261.95
GYMKHANNA TREASURE BOOK BOX,261.84
BLUE FLOCK GLASS CANDLEHOLDER,259.96
BLUE EGG  SPOON,258.72
DOORKNOB CRACKED GLAZE IVORY,258.3
ORIGAMI ROSE INCENSE IN TUBE,257.88
DECORATION SITTING BUNNY,257.61
NEWSPAPER STAND,257.37
ORANGE VOTIVE CANDLE,257.04
SET OF SKULL WALL STICKERS,257.0
PINK JEWELLED PHOTO FRAME ,256.75
GREEN METAL SWINGING BUNNY,256.7
ABSTRACT CIRCLE JOURNAL ,256.65
PHOTO CLIP LINE,256.21
FOOD/DRINK SPONGE STICKERS,256.2
DECORATION WOBBLY CHICKEN,256.11
LOVELY BONBON STICKER SHEET,255.85
CARNIVAL BRACELET,255.0
ZINC WIRE SWEETHEART LETTER TRAY,253.24
CARTOON  PENCIL SHARPENERS,253.2
IVORY HANGING DECORATION  EGG,253.01
BLUE PATCH PURSE PINK HEART,252.8
SMALL LICORICE DES PINK BOWL,252.63
MINI LADLE LOVE HEART RED ,252.24
SMALL PINK MAGIC CHRISTMAS TREE,252.23
SET/4 BADGES BEETLES,252.18
GREEN HEART COMPACT MIRROR,251.25
SILVER DIAMANTE PEN IN GIFT BOX,250.84
STRAWBERRY DREAM CHILDS UMBRELLA,250.25
PINK RIVIERA HANDBAG,250.05
RETRO LONGBOARD IRONING BOARD COVER,250.0
RIDGED GLASS T-LIGHT HOLDER,249.6
PINK GOOSE FEATHER TREE 60CM,249.6
PINK CAT BOWL,249.42
HANGING WOOD AND FELT FLOWER,248.88
SILVER DISCO HANDBAG,248.21
CORDIAL GLASS JUG,247.5
WOODLAND LARGE RED FELT HEART,247.5
BLACK LOVE BIRD T-LIGHT HOLDER,247.46
BLUE PAISLEY POCKET BOOK,247.35
CLASSIC SUGAR DISPENSER,247.32
VINTAGE RED TEATIME MUG,246.88
CANDLE PLATE LACE WHITE,246.7
PING! MICROWAVE PLATE,246.53
WOODLAND SMALL BLUE FELT HEART,246.51
MAGAZINE RACK GEBRA ASSORTED ,246.5
FOLKART CLIP ON STARS,245.61
PINK HEARTS PAPER GARLAND,245.2
ORIGAMI VANILLA INCENSE/CANDLE SET ,244.9
SMALL FOLKART STAR CHRISTMAS DEC,244.23
RED HEART LUGGAGE TAG,243.75
ANTIQUE IVORY WIRE BOWL SMALL,241.53
FELT FARM ANIMAL HEN,240.96
BEADED CRYSTAL HEART PINK SMALL,240.13
SET OF 3 PANTRY WOODEN SPOONS,240.0
PACK 3 IRON ON DOG PATCHES,239.96
VINTAGE CARAVAN GIFT WRAP,239.82
RUSTIC STRAWBERRY JAMPOT LARGE ,238.56
DOORKNOB CRACKED GLAZE BLUE,238.5
ANTIQUE CREAM CUTLERY SHELF ,238.0
HANGING WOOD AND FELT BUTTERFLY ,237.54
BROWN  PIRATE TREASURE CHEST ,237.48
VINTAGE PINK DECORATIVE PARASOL,237.0
PINK LOVE BIRD CANDLE,236.48
BLUE  VOILE LAMPSHADE,234.5
EGG CUP HENRIETTA HEN PINK,233.75
BLUE POLKADOT PASSPORT COVER,233.34
PARTY CONES CANDY DECORATION,233.28
SWEETIES  STICKERS,232.9
CRYSTAL STUD EARRINGS ASSORTED COL ,232.56
WOODLAND SMALL PINK FELT HEART,232.4
DOORSTOP RACING CAR DESIGN,232.25
3D SHEET OF DOG STICKERS,231.98
PINK BUNNY EASTER EGG BASKET,231.9
PINK ROSE FABRIC MIRROR,231.47
DENIM PATCH PURSE PINK BUTTERFLY,231.0
SET OF 36 MUSHROOM PAPER DOILIES,230.55
SET/6 BEAD COASTERS GAUZE BAG GOLD,230.4
PAINTED YELLOW WOODEN DAISY,230.35
VINTAGE NOTEBOOK PARIS DAYS,230.35
BLUE BUNNY EASTER EGG BASKET,230.25
4 PINK DINNER CANDLE SILVER FLOCK,229.96
GREEN BIRDHOUSE DECORATION,229.46
RIBBONS PURSE ,228.83
BUNNY EGG BOX,228.75
T-LIGHT HOLDER SILVER PETIT FOUR ,227.5
CANDY SPOT EGG WARMER HARE,227.49
LETTER SHAPE PENCIL SHARPENER,227.14
CLASSICAL ROSE SMALL VASE,227.1
WALL ART DOG AND BALL ,226.29
SET OF 4 NAPKIN CHARMS INSTRUMENT,225.92
TRAVEL CARD WALLET VINTAGE ROSE ,225.78
BLACK SQUARE TABLE CLOCK,225.49
HAND WARMER RED POLKA DOT,225.0
MIRROR LOVE BIRD T-LIGHT HOLDER,225.0
PIN CUSHION BABUSHKA BLUE,223.95
POCKET BAG PINK PAISELY BROWN SPOT,223.63
BLUE BIRDHOUSE DECORATION,223.3
ANT COPPER LIME BOUDICCA BRACELET,222.75
SET/4 BLUE FLOWER CANDLES IN BOWL,222.75
ANT COPPER TURQ BOUDICCA BRACELET,222.75
GLITTER CHRISTMAS HEART ,222.7
ASSORTED TUTTI FRUTTI LARGE PURSE,222.6
PINK BOUDICCA LARGE BRACELET,222.4
BOX/12 CHICK & EGG IN BASKET,222.3
ACRYLIC GEOMETRIC LAMP,221.4
PINK/BLUE DISC/MIRROR STRING,220.41
4 BLUE DINNER CANDLES SILVER FLOCK,216.75
SET 8 CANDLES VINTAGE DOILEY,216.3
CUBIC MUG PINK POLKADOT,216.27
CAMOUFLAGE EAR MUFF HEADPHONES,215.87
PURPLE BOUDICCA LARGE BRACELET,215.45
TRIPLE WIRE HOOK PINK HEART,215.0
SNACK TRAY HAPPY FOREST  ,214.5
GREEN JUICY FRUIT PHOTO FRAME,214.2
MIRRORED DOVE WALL DECORATION,214.13
BLUE  TILE HOOK,213.15
MONEY BOX HOUSEKEEPING DESIGN,212.88
FAIRY DREAMS INCENSE ,212.75
CERAMIC BIRDHOUSE CRESTED TIT SMALL,212.4
ASS COLOUR GLOWING TIARAS,211.95
PINK GINGHAM CAT WITH SCARF,211.65
SMALL POP BOX FUNKY MONKEY,210.48
ASSTD COL BUTTERFLY/CRYSTAL W/CHIME,210.19
PEG BAG APPLE DESIGN,210.0
BLUE & WHITE BREAKFAST TRAY,209.55
STRING OF STARS CARD HOLDER,209.45
BLUE JUICY FRUIT PHOTO FRAME,209.1
PINK SCOTTIE DOG W FLOWER PATTERN,209.1
CHUNKY SILVER NECKLACE PASTEL FLOWE,208.95
DECORATIVE VINTAGE COFFEE  BOX,208.2
COLUMBIAN CANDLE ROUND ,208.1
CROCHET ROSE PURSE WITH SUEDE BACK,206.5
TROPICAL PASSPORT COVER ,206.23
CHARLIE+LOLA MY ROOM DOOR SIGN,205.98
MIXED NUTS LIGHT GREEN BOWL,205.28
ASSORTED MONKEY SUCTION CUP HOOK,205.02
SMOKEY GREY COLOUR D.O.F. GLASS,204.79
HANGING MEDINA LANTERN SMALL,203.55
OPIUM SCENTED VOTIVE CANDLE,203.28
RABBIT  DESIGN  COTTON TOTE BAG,202.5
VINTAGE SHELLS PRINT,202.4
BLUE CUSHION COVER WITH FLOWER,201.55
2 PICTURE BOOK EGGS EASTER CHICKS,201.25
JINGLE BELLS TREE DECORATION,200.94
EASTER BUNNY GARLAND OF FLOWERS,200.34
HEN PARTY CORDON BARRIER TAPE,200.0
BOTANICAL LAVENDER GIFT WRAP ,199.5
WHITE MOROCCAN METAL LANTERN,199.17
PINK MONTE CARLO HANDBAG,198.35
WAKE UP COCKEREL TILE COASTER,198.09
PINK & WHITE BREAKFAST TRAY,198.05
2 PICTURE BOOK EGGS EASTER BUNNY,197.5
CHRISTMAS CARD STACK OF PRESENTS,196.44
MULTI HEARTS  STICKERS,196.35
SET/6 BLACK BIRD T-LIGHT CANDLES,195.9
CRAZY DAISY HEART DECORATION,195.52
MILK BOTTLE WITH GLASS STOPPER ,194.6
PAIR PADDED HANGERS PINK CHECK,194.55
FELT FARM ANIMAL SHEEP,194.39
MULTICOLOUR RABBIT EGG WARMER,194.15
JOY LARGE WOOD LETTERS,194.15
BLACK EAR MUFF HEADPHONES,192.86
CHRISTMAS TREE DECORATION WITH BELL,191.94
HANGING GLASS ETCHED TEALIGHT,191.85
BLACK LOVE BIRD CANDLE,191.49
ROSE DU SUD COSMETICS BAG,191.25
FLOWERS  STICKERS,191.05
BLUE POLKADOT LUGGAGE TAG ,191.01
BATHROOM SET LOVE HEART DESIGN,191.0
PAPERWEIGHT KINGS CHOICE ,190.8
STRAWBERRIES  DESIGN FLANNEL ,190.79
VINTAGE KEEPSAKE BOX PARIS DAYS,190.35
SKULLS TAPE,189.98
DAISY SKETCHBOOK ,189.96
STAR  T-LIGHT HOLDER ,189.95
SET OF PICTURE FRAME  STICKERS,189.59
DONKEY TAIL GAME ,189.54
GREEN ENAMEL+GLASS HAIR COMB,189.0
BLACK ENAMEL FLOWER RING,188.8
KEEP OUT BOYS DOOR HANGER ,188.5
BLUE DELPHINIUM ARTIFICIAL FLOWER,188.37
GREEN BITTY LIGHT CHAIN,188.31
SKULLS STORAGE BOX LARGE,188.05
AMETHYST CHUNKY BEAD BRACELET W STR,187.95
BOOZE & WOMEN GREETING CARD ,187.62
BLUE HEART COMPACT MIRROR,187.5
TEATIME ROUND PENCIL SHARPENER ,186.72
GREEN CHRISTMAS TREE STRING 20LIGHT,186.15
PAPERWEIGHT HOME SWEET HOME,186.06
ENGLISH ROSE NOTEBOOK A6 SIZE,185.1
GIFT BAG LARGE VINTAGE CHRISTMAS,185.0
SILVER TEDDY BEAR,183.71
3D SHEET OF CAT STICKERS,183.6
T-LIGHT HOLDER WHITE LACE,182.31
FOLKART HEART NAPKIN RINGS,181.87
CHRYSANTHEMUM  JOURNAL,180.91
MINI JIGSAW LEAP FROG,180.62
CREAM DELPHINIUM ARTIFICIAL FLOWER,180.58
ANGEL DECORATION WITH LACE PADDED,180.2
A PRETTY THANK YOU CARD,179.64
FLAG OF ST GEORGE CHAIR,179.35
PINK JEWELLED MIRROR TRINKET TRAY,178.56
ANTIQUE CREAM CUTLERY CUPBOARD,178.5
PINK HAWAIIAN PICNIC HAMPER FOR 2,178.5
DOLLCRAFT GIRL AMELIE,178.2
PSYCHEDELIC TILE COASTER,178.0
KITTENS DESIGN FLANNEL,177.88
SCOTTIES DESIGN WASHBAG,177.45
PINK DISCO HANDBAG,176.39
BLUE TV TRAY TABLE ,175.8
SMALL TALL CAMPHOR WOOD TOADSTOOL,175.05
PACK 20 DOLLY PEGS,174.5
MEDIUM WHITE/PINK ROSE ART FLOWER,174.31
PURPLE SWEETHEART BRACELET,174.25
WHITE CHRISTMAS STAR DECORATION,173.88
SPACE OWL,173.62
BUNNY EGG GARLAND,173.46
GARDEN METAL SIGN ,173.25
ASS COL CIRCLE MOBILE ,173.16
DAISY JOURNAL ,173.12
KITCHEN FLOWER POTS WALL PLAQUE,172.55
ZINC HEART LATTICE CHARGER LARGE,172.5
BATHROOM SCALES FOOTPRINTS IN SAND,172.05
SOFT PINK ROSE TOWEL ,172.05
PINK PAINTED KASHMIRI CHAIR,171.8
TUB 24 PINK FLOWER PEGS,169.95
VINTAGE WOODEN BAR STOOL,169.75
RIDGED GLASS POSY VASE ,169.65
ZINC TOP  2 DOOR WOODEN SHELF ,169.5
PEACE SMALL WOOD LETTERS,168.75
GREEN SQUARE COMPACT MIRROR,168.75
SUMMER DAISIES BAG CHARM,168.3
PINK RETRO BIG FLOWER BAG,167.7
PSYCHEDELIC TILE HOOK,166.35
SET/4 DAISY MIRROR MAGNETS,166.28
VINTAGE KITCHEN PRINT VEGETABLES,165.75
VINTAGE KITCHEN PRINT FRUITS,165.75
Bank Charges,165.0
VIPPASSPORT COVER ,164.58
ASSORTED SHAPES PHOTO CLIP SILVER ,164.51
FUNKY MONKEY CUSHION COVER,164.05
ROUND PINK HEART MIRROR,163.8
PURPLE ENAMEL+GLASS HAIR COMB,163.8
JARDIN ETCHED GLASS LARGE BELL JAR,163.75
4 ROSE PINK DINNER CANDLES,163.38
50CM METAL STRING WITH  7 CLIPS,163.37
ENGLISH ROSE SMALL SCENTED FLOWER,163.2
CLASSIC WHITE FRAME,162.25
PINK CHICK EGG WARMER + EGG CUP,162.25
LARGE SKULL WINDMILL,161.7
SKULLS STORAGE BOX SMALL,161.7
BLUE CIRCLES DESIGN MONKEY DOLL,160.65
FRENCH CHATEAU LARGE PLATTER ,160.5
CONDIMENT TRAY 4 BOWLS AND 4 SPOONS,160.39
SET 4 PICNIC CUTLERY BLUEBERRY,159.9
MIRRORED WALL ART GENTS,159.51
SILVER FABRIC MIRROR,159.26
DIAMANTE BOW BROOCH RED COLOUR,158.75
LAVENDER SCENT CAKE CANDLE,158.64
BOTANICAL LAVENDER BIRTHDAY CARD,158.61
SET/4 BIRD MIRROR MAGNETS ,158.23
SILVER PHOTO FRAME,157.5
GREEN ROUND COMPACT MIRROR,157.5
WRAP CAROUSEL,157.5
WRAP RED DOILEY,157.5
ZINC WIRE KITCHEN ORGANISER,156.8
TUMBLER BAROQUE,156.78
TUSCAN VILLA BIRD TABLE ,156.75
CHRYSANTHEMUM NOTEBOOK,156.75
SWIRLY CIRCULAR RUBBERS IN BAG,156.53
"""PINK/WHITE """"KEEP CLEAN"""" BULLET BIN""",156.35
NUMBER TILE VINTAGE FONT No ,156.18
CAMPHOR WOOD PORTOBELLO MUSHROOM,155.61
SPRIG LAVENDER ARTIFICIAL FLOWER,155.48
RED  EGG  SPOON,155.4
CREAM HANGING HEART T-LIGHT HOLDER,155.35
CHAMBRE HOOK,155.07
ENAMEL BLUE RIM COFFEE CONTAINER,155.03
SMALL CHUNKY GLASS ROMAN  BOWL,153.64
ANT COPPER PINK BOUDICCA BRACELET,153.45
RED ENAMEL FLOWER RING,153.4
WHITE AND BLUE CERAMIC OIL BURNER,153.1
ASS DES PHONE SPONGE CRAFT STICKER,153.09
LUNCH BOX WITH CUTLERY FAIRY CAKES ,153.0
HANGING METAL CHICKEN DECORATION,152.5
ANTIQUE GLASS PLACE SETTING,152.5
HEART TRELLISTRIPLE T-LIGHT HOLDER,152.24
GOLD EAR MUFF HEADPHONES,152.13
S/4 GROOVY CAT MAGNETS,151.92
BOTANICAL LILY GREETING CARD,151.62
CHRISTMAS CARD SINGING ANGEL,151.2
MINI JIGSAW GO TO THE FAIR,151.08
WHITE TISSUE REAM,151.05
FOLK ART METAL STAR T-LIGHT HOLDER,150.54
FLOWER FAIRY 5 DRAWER LINERS,150.45
BLUE KNITTED HEN ,150.15
WHITE 3 FRAME BIRDS AND TREE ,150.0
BLUE PAINTED KASHMIRI CHAIR,149.85
BLACK BAROQUE CARRIAGE CLOCK,149.67
LARGE  TALL CAMPHOR WOOD TOADSTOOL ,149.65
KIDS CUTLERY SPACEBOY ,149.4
KIDS CUTLERY DOLLY GIRL ,149.4
RETRO LEAVES MAGNETIC NOTEPAD,149.35
PINK OVAL SHAPE TRINKET BOX,149.25
RAINBOW PEGS PHOTO CLIP STRING,148.88
JUNGLE POPSICLES ICE LOLLY HOLDERS,148.75
CANDY SHOP  STICKER SHEET,148.75
NINJA RABBIT BLACK,148.29
PINK JEWELLED PHOTO FRAME,147.87
JARDIN ETCHED GLASS SMALL BELL JAR,147.85
CLASSICAL ROSE CANDLESTAND,147.35
ROUND WHITE CONFETTI IN TUBE,146.85
RETRO PLASTIC 70'S TRAY,146.55
POLYESTER FILLER PAD 45x30cm,146.45
MILK PAN PINK POLKADOT,146.25
YELLOW EASTER EGG HUNT START POST,146.25
CLEAR LOVE BIRD T-LIGHT HOLDER,146.21
SMALLFOLKART BAUBLE CHRISTMAS DEC,146.04
RED BOUDICCA LARGE BRACELET,145.95
METALIC LEAVES BAG CHARMS,145.77
FUSCHIA FLOWER PURSE WITH BEADS,145.17
VINTAGE ROSE BEAD BRACELET RASPBERR,144.5
BEACH HUT DESIGN BLACKBOARD,144.5
2 PICTURE BOOK EGGS EASTER DUCKS,143.75
MOROCCAN BEATEN METAL MIRROR,143.3
SPACE BOY CHILDRENS CUP,143.3
STRIPES DESIGN TEDDY,142.8
ROSE DU SUD WASHBAG ,142.8
SILVER STANDING GNOME   ,142.75
MIRRORED WALL ART SPLODGES,142.5
PAISLEY PARK CARD,141.84
BLOND DOLL DOORSTOP,141.75
SET OF 12 ROSE BOTANICAL T-LIGHTS,141.6
SPACE CADET RED,141.17
BOTANICAL ROSE GREETING CARD,141.12
"DECOUPAGE,GREETING CARD,",141.12
FRENCH PAISLEY CUSHION COVER,141.1
POPART RECT PENCIL SHARPENER ASST,140.52
MONEY BOX CONFECTIONERY DESIGN,140.25
CERAMIC STRAWBERRY TRINKET TRAY,140.25
MOROCCAN BEATEN METAL DISH LARGE,140.25
METAL HERB GERDEN CONTAINER,139.68
ECONOMY LUGGAGE TAG,139.56
BATHROOM SCALES RUBBER DUCKS,139.35
MOROCCAN BEATEN METAL DISH,139.3
SILVER OVAL SHAPE TRINKET BOX,139.3
BLUE DAISY MOBILE,138.76
ASSORTED COLOUR METAL CAT ,138.75
LILAC DIAMANTE PEN IN GIFT BOX,138.72
PURPLE ENAMEL FLOWER RING,138.65
VINTAGE BEAD NOTEBOOK,138.65
PACK OF 12 CHRISTMAS FUN CARDS,138.65
EASTER BUNNY WREATH,138.6
SET 4 PICNIC CUTLERY CHERRY ,138.45
FUNKY MONKEY GIFT BAG MEDIUM,138.18
PORCELAIN BUDAH INCENSE HOLDER,138.1
QUEEN OF THE SKIES PASSPORT COVER ,137.88
BATHROOM HOOK,137.76
FIRST CLASS PASSPORT COVER ,137.74
CHALKBOARD KITCHEN ORGANISER,137.7
GOLD SCROLL GLASS T-LIGHT HOLDER,137.22
ASSORTED SANSKRIT MINI NOTEBOOK,136.25
CRYSTAL DIAMANTE EXPANDABLE RING,136.0
HEART T-LIGHT HOLDER,135.74
GREEN ENAMEL FLOWER RING,135.7
MEDIUM PINK BUDDHA HEAD ,135.7
S/6 SEW ON CROCHET FLOWERS,135.0
FLORAL PINK MONSTER,135.0
SILVER BRACELET W PASTEL FLOWER,135.0
SKULLS DESIGN FLANNEL,134.55
NUMBER TILE COTTAGE GARDEN 1,134.55
ABSTRACT CIRCLES POCKET BOOK,134.3
POLYESTER FILLER PAD 30CMx30CM,133.75
DIAMANTE BOW BROOCH GREEN COLOUR,133.35
WHITE SQUARE TABLE CLOCK,132.99
RED DAISY POCKET BOOK ,132.53
PINK/YELLOW FLOWERS HANDBAG,132.5
BLUE PUDDING SPOON,132.3
SMALL KITCHEN FLOWER POTS PLAQUE,132.05
SMALL JEWELLERY STAND,132.0
GREEN METAL BOX TOP SECRET,132.0
TUSCAN VILLA BIRD FEEDER,132.0
"TUMBLER, NEW ENGLAND",131.94
RED KUKUI COCONUT SEED NECKLACE,131.8
GREEN MURANO TWIST BRACELET,131.75
PAPERWEIGHT VINTAGE PAISLEY,130.26
BLUE CIRCLES DESIGN TEDDY,130.05
S/4 BLACK MINI ROSE CANDLE IN BOWL,129.94
GLASS CHALICE GREEN  SMALL ,129.51
NUMBER TILE COTTAGE GARDEN 2,128.7
MIRRORED WALL ART LADIES,128.4
SILVER APERITIF GLASS,128.4
THREE CANVAS LUGGAGE TAGS,128.26
75 GREEN PETIT FOUR CASES,128.1
VINTAGE ROSE BEAD BRACELET BLACK,127.5
GREEN WIRE STANDING CANDLE HOLDER,127.5
SET OF 2 TEA TOWELS PING MICROWAVE,127.42
SPACE FROG,127.25
FRUIT TREE AND BIRDS WALL PLAQUE,127.2
BEADED PEARL HEART WHITE LARGE,127.05
VINTAGE KEEPSAKE BOX TRAVELOGUE,127.0
COSY SLIPPER SHOES SMALL  RED ,126.85
SET 4 PICNIC CUTLERY FONDANT,126.75
GLASS SONGBIRD STORAGE JAR,126.7
FIRST CLASS LUGGAGE TAG ,126.69
CREAM SWEETHEART WALL CABINET,126.65
GOLD WINE GOBLET,126.4
LARGE JEWELLERY STAND,125.0
PURPLE ACRYLIC FACETED BANGLE,125.0
SILVER HOOP EARRINGS WITH FLOWER,124.95
FELT EGG COSY LADYBIRD ,124.83
HANGING WOOD AND FELT HEART,124.32
BEADED CRYSTAL HEART GREEN SMALL,124.11
PINK HORSE SOCK PUPPET KIT,123.9
PINK PILLAR CANDLE SILVER FLOCK,123.68
SMALL CAMPHOR WOOD FIELD  MUSHROOM,123.21
SET OF 3 MINI HANGING PORTRAITS,123.2
CRYSTAL STUD EARRINGS CLEAR DISPLAY,123.12
LARGE PARLOUR FRAME,122.85
CHERRY BLOSSOM PASSPORT COVER,122.78
FRENCH ENAMEL UTENSIL HOLDER,122.75
CANDY SPOT EGG WARMER RABBIT,122.75
SET OF 4 POLKADOT COASTERS,122.42
BLACK MINI TAPE MEASURE ,121.3
BLUE ROUND COMPACT MIRROR,121.25
ZINC HEART LATTICE 2 WALL PLANTER,120.65
BEADED CRYSTAL HEART GREEN ON STICK,120.38
MIRROR MOSAIC CANDLE PLATE,120.07
SMALL WHITE/PINK ROSE ART FLOWER,120.07
GIFT BAG LARGE SPOT ,120.0
ASSORTED CIRCULAR MOBILE,120.0
DAISY FOLKART HEART DECORATION,120.0
FLORAL SOFT CAR TOY,120.0
NINJA RABBIT PINK,119.95
VINTAGE ZINC WATERING CAN,119.4
CANDY SPOT CUSHION COVER,119.36
YELLOW DRAGONFLY HELICOPTER,119.25
PINK OVAL JEWELLED MIRROR,119.0
SET OF 12 T-LIGHTS VINTAGE DOILEY,118.95
FOLDING MIRROR HOT PINK ,118.92
CITRUS GARLAND FELT FLOWERS ,117.0
MOCK LOBSTER FRIDGE MAGNET,116.62
RETRO PLASTIC DAISY TRAY,116.59
BLACK SILOUETTE CANDLE PLATE,116.45
SUMMER FUN DESIGN SHOWER CAP,116.33
"SMALL POP BOX,FUNKY MONKEY",116.25
RED   ACRYLIC FACETED BANGLE,115.9
LUNCH BAG VINTAGE DOILEY ,115.5
STARFISH SOAP DISH,115.25
EIGHT PIECE DINOSAUR SET,115.0
FRENCH STYLE STORAGE JAR JAM,114.85
GROOVY CACTUS INFLATABLE,114.41
BLUE FLY SWAT,114.21
WALL ART BICYCLE SAFTEY ,114.15
SILVER LARIAT 40CM,113.9
JADE DROP EARRINGS W FILIGREE,113.85
ICON PLACEMAT POP ART ELVIS,113.64
BEADED CRYSTAL HEART PINK ON STICK,113.09
BLUE CAT BISCUIT BARREL PINK HEART,111.15
NUMBER TILE VINTAGE FONT 3,110.29
PANTRY KITCHEN THERMOMETER ,110.0
PSYCHEDELIC WALL THERMOMETER,109.93
LARGE TORTILLA DESIGN RED BOWL,109.8
RED PUDDING SPOON,109.74
NEW BAROQUE BLACK PHOTO ALBUM,109.65
NUMBER TILE COTTAGE GARDEN 9,109.2
SCENTED CANDLE IN DIGITALIS TIN,109.2
PINK/BLUE STRING CURTAIN ,109.2
NUMBER TILE COTTAGE GARDEN No,109.2
SNACK TRAY RED GINGHAM,109.2
QUEEN OF SKIES LUGGAGE TAG,109.11
PAPER LANTERN 6 POINT SNOW STAR,107.9
LAVENDER INCENSE 40 CONES IN TIN,107.45
HEN HOUSE W CHICK STANDING,107.4
LARGE CAMPHOR WOOD FIELD MUSHROOM ,107.3
NUMBER TILE COTTAGE GARDEN 4,107.25
BANK ACCOUNT  GREETING  CARD ,106.98
SMALL PARLOUR FRAME,106.98
MINI LADLE LOVE HEART PINK,106.56
FROSTED WHITE BASE ,106.45
WOODLAND LARGE BLUE FELT HEART,106.25
ASSORTED CHEESE FRIDGE MAGNETS,105.95
NUMBER TILE COTTAGE GARDEN 6,105.3
TEATIME PUSH DOWN RUBBER,105.29
HOUSE WRECKING METAL SIGN ,105.0
PACKING CHARGE,105.0
BOTANICAL LILY GIFT WRAP,105.0
12 PINK HEN+CHICKS IN BASKET,104.55
ZINC SWEETHEART SOAP DISH,104.41
DAISY NOTEBOOK ,103.95
NUMBER TILE COTTAGE GARDEN 0 ,103.35
HEART T-LIGHT HOLDER ,102.95
NUMBER TILE VINTAGE FONT 2,102.49
NUMBER TILE VINTAGE FONT 6 ,102.49
PURPLE GEMSTONE NECKLACE 45CM,102.0
MIRRORED WALL ART PHOTO FRAMES,102.0
5 STRAND GLASS NECKLACE CRYSTAL,101.6
CAROUSEL DESIGN WASHBAG,101.4
NUMBER TILE COTTAGE GARDEN 8,101.4
NUMBER TILE COTTAGE GARDEN 3 ,101.4
SET/3 RABBITS FLOWER SKIPPPING ROPE,101.15
"ACRYLIC HANGING JEWEL,BLUE",101.08
SET OF 4 CAROUSEL PLACEMATS ,101.06
RED RETROSPOT WASHBAG,100.8
MINI HIGHLIGHTER PENS,100.8
SMALL BLUE PROVENCAL CERAMIC BALL,100.65
NUMBER TILE VINTAGE FONT 4,100.54
BEADED CRYSTAL HEART BLUE SMALL,99.88
NUMBER TILE COTTAGE GARDEN 7,99.45
"ACRYLIC JEWEL ICICLE, PINK",99.18
TUSCAN VILLA FEEDING STATION,99.0
BUNDLE OF 3 RETRO EXERCISE BOOKS,99.0
TUSCAN VILLA DOVECOTE,99.0
LAVENDER INCENSE IN TIN,98.91
BLACK CHUNKY BEAD BRACELET W STRAP,98.45
CHERRY BLOSSOM CANVAS ART PICTURE,97.95
PACK/12 XMAS FUN CARD,97.35
PINK CANDYSTUFT ARTIFICIAL FLOWER,96.89
PINK HYDRANGEA ART FLOWER,96.6
PACK 3 BOXES CHRISTMAS PANETTONE,95.67
PURPLE GEMSTONE BRACELET,95.2
NUMBER TILE VINTAGE FONT 5,94.69
YELLOW FLOWERS FELT HANDBAG KIT,94.5
WOVEN ROSE GARDEN CUSHION COVER ,94.05
PINK BERTIE GLASS BEAD BAG CHARM,93.9
HOME SWEEET HOME 3 PEG HANGER ,93.75
PACK 3 FIRE ENGINE/CAR PATCHES,93.75
CHRISTMAS RETROSPOT HEART WOOD,93.5
WHITE VINT ART DECO CRYSTAL NECKLAC,93.5
AMBER DIAMANTE EXPANDABLE RING,93.5
BLACK GRAND BAROQUE PHOTO FRAME,93.0
NUMBER TILE VINTAGE FONT 7,92.74
POSY CANDY BAG,92.5
BLUE PAISLEY NOTEBOOK,92.4
LARGE BLUE PROVENCAL CERAMIC BALL,92.4
PINK MARSHMALLOW SCARF KNITTING KIT,91.8
NUMBER TILE COTTAGE GARDEN 5,91.65
DOUBLE CERAMIC PARLOUR HOOK,91.3
IVORY SHELL HEART NECKLACE,90.67
JASMINE VOTIVE CANDLE,90.34
ASS FLORAL PRINT SPIRIT LEVEL ,90.13
FOLK FELT HANGING MULTICOL GARLAND,90.0
POLKADOT MUG PINK ,89.7
PINK BITTY LIGHT CHAIN,89.65
WOODEN BOX ADVENT CALENDAR ,89.5
AMBER GLASS/SILVER BRACELET,89.5
VINTAGE KITCHEN PRINT SEAFOOD,89.25
BLACK DIAMANTE EXPANDABLE RING,89.25
LONG SILVER NECKLACE PASTEL FLOWER,89.25
SILVER M.O.P ORBIT BRACELET,89.1
PAISLEY PATTERN  STICKERS,88.4
GREEN PEONY CUSHION COVER,88.35
MIRRORED WALL ART FOXY,88.2
"""FLOWER GLASS GARLAND NECKL.36""""BLACK""",87.45
BLACK+WHITE NECKLACE W TASSEL,87.35
SET/4 MODERN VINTAGE COTTON NAPKINS,86.75
GREEN FERN NOTEBOOK,85.8
PAINTED SEA SHELL METAL WINDCHIME,85.31
BLUE SWEETHEART BRACELET,85.0
BLUE MURANO TWIST BRACELET,85.0
NUMBER TILE VINTAGE FONT 1,84.94
FLAMES SUNGLASSES PINK LENSES,84.45
PINK STOCKING CHRISTMAS DECORATION,84.36
TURQUOISE CRYSTAL+GLASS BRACELET,84.15
MEDIUM PARLOUR FRAME ,84.1
WRAP FOLK ART,84.0
OYSTER TRINKET BOX,83.87
FOUR RABBIT EASTER DECORATIONS,83.75
SPACE CADET WHITE,83.63
PINK HEART OF GLASS BRACELET,83.3
12 HANGING EGGS HAND PAINTED,83.2
ROSE DU SUD CUSHION COVER,82.55
SILVER  CANDLEPOT JARDIN ,82.5
PINK AND BLACK STRING CURTAIN,82.1
TEATIME GEL PENS ASST,82.08
BLUE KNITTED EGG COSY,81.51
IVY HEART WREATH,81.0
PEACH KNITTED HEN ,80.85
SET/6 POSIES PAPER PLATES,80.75
SILVER/M.O.P PENDANT ORBIT NECKLACE,80.75
BLUE GLASS CHUNKY CHARM BRACELET,80.55
WHITE GLASS CHUNKY CHARM BRACELET,80.55
SET 36 COLOUR PENCILS DOILEY,80.0
WHITE CHRYSANTHEMUMS ART FLOWER,79.8
ANT SILVER LIME GREEN BOUDICCA RING,79.65
GOLD M PEARL  ORBIT NECKLACE,79.6
SILVER/MOP ORBIT NECKLACE,79.6
VINTAGE ZINC WATERING CAN SMALL,79.2
GOLDIE LOOKING MIRROR,79.2
RED PEONY CUSHION COVER ,79.05
STRIPES DESIGN MONKEY DOLL,79.05
VINTAGE KITCHEN PRINT PUDDINGS,79.05
BEACH HUT KEY CABINET,78.75
BEADED CRYSTAL HEART BLUE ON STICK,78.71
CLASSIC CROME BICYCLE BELL ,77.4
GREEN HEART OF GLASS BRACELET,77.35
NUMBER TILE VINTAGE FONT 8,77.14
GOLD/M.O.P PENDANT ORBIT NECKLACE,76.5
TROPICAL LUGGAGE TAG,76.39
FROG CANDLE,76.25
DAISY HAIR BAND,75.9
MIRRORED WALL ART TABLE LAMP,75.73
VINTAGE ZINC PLANTER  ,75.67
CLEAR MILKSHAKE GLASS,75.6
GREEN GEISHA GIRL ,75.0
BLUE GEISHA GIRL ,75.0
HILDA CANDY SPOT RABBIT,75.0
FLORAL BATHROOM SET,75.0
VINTAGE ENGRAVED HEART,75.0
"RUSTIC WOODEN CABINET, GLASS DOORS",74.85
ALUMINIUM HEART,74.7
PAPER LANTERN 9 POINT HOLLY STAR 23,74.7
LILY BROOCH AMETHYST COLOUR,74.25
ROSE DU SUD CUSHION COVER ,74.25
WOVEN BERRIES CUSHION COVER ,74.25
BROWN KUKUI COCONUT SEED NECKLACE,74.0
MOUSEY LONG LEGS SOFT TOY,73.95
HANGING BAUBLE T-LIGHT HOLDER LARGE,73.75
VINTAGE NOTEBOOK TRAVELOGUE,73.75
VIP PASSPORT COVER ,73.5
DRAGONS BLOOD INCENSE,73.29
SET OF 36 SPACEBOY PAPER DOILIES,72.5
4 SKY BLUE DINNER CANDLES,72.5
POLYESTER FILLER PAD 65CMx65CM,72.25
SILVER M.O.P ORBIT DROP EARRINGS,72.25
SPOTTED WHITE NATURAL SEED NECKLACE,72.0
FLOWERS TILE HOOK,71.82
PINK KNITTED EGG COSY,71.76
AMBER CHUNKY GLASS+BEAD NECKLACE,71.7
AMBER CHUNKY BEAD BRACELET W STRAP,71.6
NECKLACE+BRACELET PINK BUTTERFLY,71.4
NUMBER TILE VINTAGE FONT 9 ,71.29
YELLOW POT PLANT CANDLE,71.05
CHARLIE AND LOLA CHARLOTTE BAG,70.95
CONGRATULATIONS BUNTING,70.85
STRIPY DESIGN SHOWER CAP,70.57
PINK ROSEBUD PEARL BRACELET,70.35
PINK SQUARE TABLE CLOCK,70.1
WRAP BAD HAIR DAY,70.0
BLUE WIRE SPIRAL CANDLE HOLDER,69.85
GREEN MURANO TWIST NECKLACE,69.65
ROUND PURPLE CLOCK WITH SUCKER,69.35
NUMBER TILE VINTAGE FONT 0,69.34
WOVEN BUBBLE GUM CUSHION COVER,69.3
ST TROPEZ NECKLACE,69.3
WOVEN CANDY CUSHION COVER ,69.3
"GREETING CARD,SQUARE, DOUGHNUTS",68.84
EASTER BUNNY WITH BASKET ON BACK,68.25
ASSORTED FARMYARD ANIMALS IN BUCKET,68.06
SILVER/NATURAL SHELL NECKLACE,68.0
BLACK VINT ART DEC CRYSTAL NECKLACE,68.0
CAKE STAND VICTORIAN FILIGREE LARGE,68.0
ORIGAMI VANILLA INCENSE CONES,67.83
LUSH GREENS RIBBONS,67.5
EASTER BUNNY HANGING GARLAND,67.5
CRYSTAL PAIR HEART HAIR SLIDES,67.5
SMALL ZINC/GLASS CANDLEHOLDER,67.25
SET OF 12 MINI BUNNIES IN A BUCKET,67.2
BLUE BLOSSOM HAIR CLIP,67.2
"ACRYLIC HANGING JEWEL,PINK",66.55
BEACH HUT MIRROR,66.39
WHITE  ROSEBUD PEARL BRACELET,65.7
RASPBERRY ANT COPPER FLOWER NECKLAC,65.45
PINK B'FLY C/COVER W BOBBLES,65.45
PURPLE BERTIE GLASS BEAD BAG CHARM,65.4
PACK/12 BLUE FOLKART CARDS,64.9
"FOLK ART GREETING CARD,pack/12",64.9
BISCUIT TIN VINTAGE LEAF,64.56
"DECORATION HEN ON NEST, HANGING",64.35
VINTAGE ENAMEL & CRYSTAL EARRINGS,64.35
16 PC CUTLERY SET PANTRY DESIGN,63.8
PINK METAL SWINGING BUNNY,63.75
BLUE SQUARE COMPACT MIRROR,63.75
FINE SILVER NECKLACE W PASTEL FLOWE,63.75
EAU DE NILE JEWELLED T-LIGHT HOLDER,63.75
SILVER LATTICE VANILLA CANDLE POT,63.75
TURQUOISE BERTIE GLASS BEAD CHARM,63.3
"ACRYLIC JEWEL SNOWFLAKE, PINK",63.28
CHRISTMAS CRAFT HEART STOCKING ,63.0
METAL RABBIT LADDER EASTER ,62.9
SCOTTIES CHILDRENS APRON,62.7
MIDNIGHT BLUE GLASS/SILVER BRACELET,62.65
BLACK/WHITE GLASS/SILVER BRACELET,62.65
PINK STRING CURTAIN WITH POLE,62.6
MONEY BOX FIRST ADE DESIGN,62.5
RED DAISY PAPER LAMPSHADE,62.5
SMALL HANGING GLASS+ZINC LANTERN,62.35
ORIGAMI SANDLEWOOD INCENSE+FLOWER,62.15
SET/6 POSIES PAPER CUPS,62.12
TURQUOISE GLASS TASSLE BAG CHARM ,61.95
ZINC HEART LATTICE CHARGER SMALL,61.95
A4 WALL TIDY BLUE OFFICE,61.86
FLOWERS HANDBAG blue and orange,61.25
"WALL ART ,PUDDINGS ",61.2
SET OF 36 DOLLY GIRL PAPER DOILIES,60.9
HANGING RIDGE GLASS T-LIGHT HOLDER,60.84
BLUE DISCO HANDBAG,60.68
ORIENTAL RED CUSHION COVER ,60.45
CUBIC MUG FLOCK BLUE ON BROWN,60.33
PIG MUG IN TWO COLOUR DESIGNS,60.04
"BATHROOM SCALES, TROPICAL BEACH",60.0
ELVIS WALLHANGING / CURTAIN,60.0
MIDNIGHT BLUE VINTAGE EARRINGS,60.0
PAIR BUTTERFLY HAIR CLIPS,60.0
"BREAD BIN, DINER STYLE, IVORY",59.8
"BREAD BIN, DINER STYLE, MINT",59.8
PINK MURANO TWIST NECKLACE,59.7
PINK PAISLEY CUSHION COVER ,59.5
SET OF 72 GREEN PAPER DOILIES,59.45
CRYSTAL DIAMANTE STAR BROOCH,59.4
WAY OUT METAL SIGN ,59.4
PINK BUTTERFLY CUSHION COVER ,59.4
I LOVE LONDON WALL ART,59.4
WOVEN SUNSET CUSHION COVER ,59.4
RUSTIC STRAWBERRY JAMPOT SMALL,59.4
ENGLISH ROSE METAL WASTE BIN,59.0
AMBER DROP EARRINGS W LONG BEADS,59.0
PARTY TIME DESIGN FLANNEL,58.9
PINK & WHITE ROSEBUD RING,58.9
"TUMBLER, BAROQUE",58.86
GARDEN PATH POCKET BOOK,58.65
CLEAR ACRYLIC FACETED BANGLE,58.6
CD WALL TIDY RED FLOWERS,58.56
SET OF 36 PANTRY PAPER DOILIES,58.02
BLACK ORANGE SQUEEZER,57.96
TOP SECRET PEN SET,57.5
RETRO PINK BALL ASHTRAY ,57.5
SET 4 NURSERY DES ROUND BOXES,57.25
PAIR OF ENAMEL BUTTERFLY HAIRCLIP,56.95
SMOKEY GREY COLOUR GLASS,56.84
PINK/PURPLE CIRCLE CURTAIN,56.52
BLUE TABLE RUN FLOWER,56.25
BLUE TRAVEL FIRST AID KIT,56.1
SET OF 3 CONEY ISLAND OVAL BOXES,55.95
"""LETTER """"A"""" BLING KEY RING""",55.71
CLASSICAL ROSE TABLE LAMP,55.7
RECIPE BOX WITH METAL HEART,55.65
"""FLOWER GLASS GARLD NECKL36""""AMETHYST""",55.65
SWEET PUDDING STICKER SHEET,55.25
ROSE DU SUD DRAWSTRING BAG,55.25
AMETHYST DIAMANTE EXPANDABLE RING,55.25
BLACK SMALL GLASS CAKE STAND,54.99
COLUMBIAN CUBE CANDLE,54.6
WOVEN FROST CUSHION COVER,54.45
LILY BROOCH OLIVE COLOUR,54.45
TEATIME PEN CASE & PENS,54.4
CHRYSANTHEMUM POCKET BOOK ,54.4
"""RETRO """"TEA FOR ONE"""" """,54.3
GOLD FABRIC MIRROR,54.21
BLUE TILED TRAY,54.0
BLACK CHERRY LIGHTS,54.0
SPACEBOY MINI RUCKSACK,53.95
WAKE UP COCKEREL TILE HOOK,53.85
4 BURGUNDY WINE DINNER CANDLES,53.75
ZINC HEART LATTICE TRAY OVAL ,53.55
GREEN FERN POCKET BOOK,53.55
HEART BUTTONS JEWELLERY BOX,53.55
BLUE ROSE PATCH PURSE PINK BUTTERFL,52.8
FOLK ART METAL HEART T-LIGHT HOLDER,52.76
CUBIC MUG FLOCK PINK ON BROWN,52.5
HELLO SAILOR BATHROOM SET,52.5
BLUE CLIMBING HYDRANGA ART FLOWER,52.5
CREAM CLIMBING HYDRANGA ART FLOWER,52.5
DIAMANTE NECKLACE PURPLE,52.5
FIRE POLISHED GLASS BRACELET GREEN,52.5
RETO LEAVES MAGNETIC SHOPPING LIST,52.2
DOORKNOB CERAMIC IVORY,52.2
VINTAGE BEAD COSMETIC BAG ,51.82
FRENCH CHATEAU SMALL FRUITBOWL,51.6
RETRO BROWN BALL ASHTRAY ,51.25
NECKLACE+BRACELET SET BLUE HIBISCUS,51.0
SILVER LARIAT BLACK STONE EARRINGS,51.0
BLACK GEMSTONE NECKLACE 45CM,51.0
TEATIME FUNKY FLOWER BACKPACK FOR 2,50.85
VINTAGE PHOTO ALBUM PARIS DAYS,50.8
5 STRAND GLASS NECKLACE BLACK,50.8
GREEN EASTER EGG HUNT START POST,50.7
S/3 POT POURI CUSHIONS BLUE COLOURS,50.4
FUSCHIA VOILE POINTY SHOE DEC,50.31
PINK FEATHERS CURTAIN,50.28
COLOURFUL FLOWER FRUIT BOWL,50.25
GREEN GLASS TASSLE BAG CHARM,50.15
DROP DIAMANTE EARRINGS PURPLE,50.15
LARGE ZINC GLASS CANDLEHOLDER,49.98
SPACE CADET BLACK,49.96
CRYSTAL FROG PHONE CHARM,49.93
VEGETABLE MAGNETIC  SHOPPING LIST,49.8
DECROTIVEVINTAGE COFFEE GRINDER BOX,49.5
CORDIAL JUG,49.5
PINK FLOWERS RABBIT EASTER,48.95
BUTTONS AND STRIPES NOTEBOOK ,48.75
CAKE SHOP  STICKER SHEET,48.45
CAKES AND RABBITS DESIGN FLANNEL ,48.45
PURPLE DRESS JEWELLERY STAND,48.19
BILI NUT AND WOOD NECKLACE,48.0
CHRISTMAS TREE T-LIGHT HOLDER,47.85
"""FLOWER GLASS GARLAND NECKL.36""""BLUE""",47.7
FLOWER GARLAND NECKLACE RED,47.7
TURQUOISE HEART OF GLASS BRACELET,47.6
"WALL ART , LOVES' SECRET ",47.6
RUBY GLASS CLUSTER BRACELET,47.6
"LARGE CAKE TOWEL, CHOCOLATE SPOTS",47.25
LOVE POTION MASALA INCENSE,47.25
RED PEONY TABLE CLOCK,47.2
YELLOW/BLUE RETRO RADIO,47.2
RED GLASS TASSLE BAG CHARM,47.2
SET OF 6 ICE CREAM SKITTLES,47.2
COLUMBIAN  CUBE CANDLE ,47.18
PINK SMALL GLASS CAKE STAND,46.8
BLUE MONTE CARLO HANDBAG,46.8
CROCHET WHITE RABBIT KEYRING ,46.35
WHITE WIRE PLANT POT HOLDER,46.24
WHITE HYDRANGEA ART FLOWER,46.2
BLACK BIRD GARDEN DESIGN MUG,46.11
PAPER LANTERN 5 POINT STUDDED STAR,46.0
ROMANTIC IMAGES SCRAP BOOK SET,45.9
PINK FELT HANGING HEART W FLOWER,45.9
SET/6 GREEN SPRING PAPER CUPS,45.73
FAWN AND MUSHROOM GREETING CARD,45.36
PERIWINKLE T-LIGHT HOLDER,45.0
RESIN NECKLACE W PASTEL BEADS,45.0
4 PINK FLOCK CHRISTMAS BALLS,45.0
MIDNIGHT BLUE PAIR HEART HAIR SLIDE,45.0
TEAL/FUSCHIA COL BEAD NECKLACE,44.55
MOP PENDANT SHELL NECKLACE,44.55
ANT COPPER RED BOUDICCA BRACELET,44.55
GREEN  DIAMANTE PEN IN GIFT BOX,44.55
DIAMANTE BOW BROOCH BLACK COLOUR,44.45
FROG SOCK PUPPET,44.25
CHERRY BLOSSOM LUGGAGE TAG,43.67
BLUE FLOWER DES PURSE,43.66
"RETRO PILL BOX KEY CHAIN,THE KING",43.65
LITTLE GREEN MONSTER SOFT TOY,43.35
BLUE CHENILLE SHAGGY CUSHION COVER ,43.15
"""PEARL & SHELL 42""""NECKL. GREEN""",43.0
PAINTED LIGHTBULB STAR+ MOON,42.54
WRAP SUMMER ROSE DESIGN,42.0
TRANQUILITY MASALA INCENSE,42.0
"WRAP, CAROUSEL",42.0
WRAP  VINTAGE DOILEY ,42.0
CRACKED GLAZE NECKLACE RED,41.7
CRACKED GLAZE NECKLACE IVORY,41.7
PAPER LANTERN 5 POINT STAR MOON 30,41.5
FAN BLACK FRAME ,41.47
ANT SILVER FUSCHIA BOUDICCA RING,41.3
BLACK VINTAGE  CRYSTAL EARRINGS,41.25
GREEN VINTAGE EARRINGS ,41.25
CREAM AND PINK FLOWERS PONY ,41.25
"STRING OF 8 BUTTERFLIES,PINK",41.25
CREAM BUNNY EASTER EGG BASKET,41.25
FIRST CLASS HOLIDAY PURSE ,40.97
PINK FLY SWAT,40.95
LITTLE PINK MONSTER SOFT TOY,40.8
MINITURE ANTIQUE ROSE HOOK IVORY,40.8
BUTTERFLY HAIR BAND,40.8
WHITE VINTAGE CRYSTAL BRACELET,40.5
DOGGY RUBBER,40.32
ROUND BLUE CLOCK WITH SUCKER,40.09
ORIGAMI OPIUM INCENSE/CANDLE SET ,40.05
CANDY SPOT TEA COSY,40.05
"""LETTER """"C"""" BLING KEY RING""",40.04
ROCOCO WALL MIROR,39.9
BLUE MURANO TWIST NECKLACE,39.8
FREESTYLE CANVAS ART PICTURE,39.65
CHILDRENS SPACEBOY MUG,39.6
PINK CRYSTAL+GLASS BRACELET,39.6
LA PALMIERA TILE HOOK,39.39
PINK DOG CANNISTER,39.3
SET/4 BUTTERFLY MIRROR MAGNETS,39.2
SET OF 36 VINTAGE CHRISTMAS DOILIES,39.15
FAIRY CAKE NOTEBOOK A5 SIZE,39.1
MULTICOLOUR EASTER RABBIT ,39.0
FUSCHIA TABLE RUN FLOWER ,38.75
BLUE POLKADOT PUDDING BOWL,38.67
CANDY SPOT BUNNY,38.35
DROP DIAMANTE EARRINGS CRYSTAL,38.35
PINK STRAWBERRY HANDBAG ,38.35
LA PALMIERA WALL THERMOMETER,38.25
CANDY SPOT HEART DECORATION,38.25
WHITE FRANGIPANI NECKLACE,38.25
NEW BAROQUE BLACK BOXES,38.25
PINK YELLOW PATCH CUSHION COVER,38.25
RED POLKADOT PUDDING BOWL,38.13
T-LIGHT HOLDER SILVER SAUCER,38.03
FLAG OF ST GEORGE ,37.95
PINK CHRYSANTHEMUMS ART FLOWER,37.8
FLOWER BURST SILVER RING CRYSTAL,37.5
PAPER LANTERN 9 POINT HOLLY STAR 40,37.5
GREEN CAT FLORAL CUSHION COVER ,37.5
RUBY DROP CHANDELIER EARRINGS,37.5
IVORY SCULPTED RND CANDLE ,37.4
ASSORTED COLOUR SUCTION CUP HOOK,37.24
HOT WATER BOTTLE BABUSHKA LARGE,37.2
BLACK MEDIUM GLASS CAKE STAND,37.11
SQUARE METAL CANDLEHOLDER BASE,36.52
VANILLA INCENSE 40 CONES IN TIN,36.25
GREY ACRYLIC FACETED BANGLE,35.9
ASSORTED CAKES FRIDGE MAGNETS,35.75
PINK FOXGLOVE ARTIIFCIAL FLOWER,35.7
PINK/FLOWER RABBIT EGG WARMER ,35.7
COPPER/OLIVE GREEN FLOWER NECKLACE,35.7
CRYSTAL HOOP EARRING FLORAL LEAF,35.4
PINK ENAMEL FLOWER HAIR TIE,35.4
BLACK DROP CRYSTAL NECKLACE,35.4
BLUE POLKADOT PURSE ,35.07
PINK CLEAR GLASS CANDLE PLATE,35.0
LEAVES MAGNETIC  SHOPPING LIST,34.8
IVORY GOLD METAL BAG CHARM,34.77
"""LETTER """"K"""" BLING KEY RING""",34.75
"RETRO PILL BOX , REVOLUTIONARY",34.72
RIVIERA NECKLACE,34.65
CD WALL TIDY BLUE OFFICE,34.56
HEN HOUSE W FAMILY IN BARN & NEST,34.51
MONEY BOX FIRST AID DESIGN,34.32
GOLD APERITIF GLASS,34.32
"GREETING CARD, OVERCROWDED POOL.",34.2
GOLD M.O.P ORBIT DROP EARRINGS,34.0
FILIGREE DIAMANTE EARRINGS,34.0
NEW BAROQUE B'FLY NECKLACE RED,34.0
PINK BUTTERFLY WASHBAG,34.0
FUNKY FLOWER PICNIC BAG FOR 4,33.9
36 PENCILS TUBE POSY,33.75
CRYSTAL SEA HORSE PHONE CHARM,33.66
FLOWER BLUE CLOCK WITH SUCKER,33.64
BLACK SIL'T SQU CANDLE PLATE ,33.6
DOLLY GIRL MINI RUCKSACK,33.2
WHITE WITH BLACK CATS PLATE,33.18
NECKLACE+BRACELET SET FRUIT SALAD ,33.15
TURQ ICE CREAM BUM BAG ,33.15
PINK BUTTERFLY CUSHION COVER,33.15
FLOWER FAIRY INCENSE BOUQUET,32.35
DANISH ROSE UMBRELLA STAND,31.9
"""FLOWER GLASS GARLD NECKL36""""TURQUOIS""",31.8
"""FLOWER GLASS GARLAND NECKL.36""""GREEN""",31.8
SET 12 COLOUR PENCILS DOILEY,31.2
YELLOW BREAKFAST CUP AND SAUCER,31.13
BAKING MOULD CHOCOLATE CUP CAKES,30.6
YULETIDE IMAGES S/6 PAPER BOXES,30.6
CANNABIS LEAF BEAD CURTAIN,30.6
BAKING MOULD CUPCAKE CHOCOLATE,30.6
PINK BREAKFAST CUP AND SAUCER ,30.45
GREEN PAIR HEART HAIR SLIDES,30.0
SET/9 CHRISTMAS T-LIGHTS SCENTED ,30.0
BLACK CHRISTMAS FLOCK DROPLET ,30.0
PINK HEART DOTS HOT WATER BOTTLE,30.0
ENAMEL BOWL PANTRY,30.0
BIRTHDAY BANNER TAPE,30.0
BUTTERFLY CUSHION COVER,30.0
PINK ROSEBUD & PEARL NECKLACE,30.0
ENAMEL JUG PANTRY,30.0
EDWARDIAN DROP EARRINGS JET BLACK,30.0
WHITE CHRISTMAS FLOCK DROPLET ,30.0
GIFT BAG LARGE 50'S CHRISTMAS,30.0
CAPIZ CHANDELIER,29.95
GLASS CAKE COVER AND PLATE,29.9
PALE PINK/AMETHYST STONE NECKLACE,29.85
PURPLE AMETHYST NECKLACE W TASSEL,29.85
SILVER/BLACK ORBIT NECKLACE,29.85
"GREETING CARD, STICKY GORDON",29.83
CHRISTMAS MUSICAL ZINC HEART ,29.75
DIAMOND LAS VEGAS NECKLACE 45CM,29.75
LIGHTHOUSE PRINTED METAL SIGN,29.7
MODERN VINTAGE COTTON SHOPPING BAG,29.7
GOLD DIAMANTE STAR BROOCH,29.7
ORANGE/WHT/FUSCHIA STONES NECKLACE,29.7
IVORY PENDANT TRIPLE SHELL NECKLACE,29.7
"WALL ART,ONLY ONE PERSON ",29.7
PINK FLOCK GLASS CANDLEHOLDER,29.68
"ACRYLIC JEWEL ANGEL,PINK",29.64
BLUE STONES ON WIRE FOR CANDLE,29.59
15 PINK FLUFFY CHICKS IN BOX,29.5
ANT SILVER PURPLE BOUDICCA RING,29.5
PINK VINTAGE VICTORIAN EARRINGS,29.5
OLD DOC RUSSEL METAL SIGN,29.4
VIP HOLIDAY PURSE,29.28
FRENCH CHATEAU OVAL PLATTER,29.25
"""LETTER """"L"""" BLING KEY RING""",29.19
WHITE/PINK CHICK EASTER DECORATION,28.9
ASS COL LARGE SAND FROG P'WEIGHT,28.35
PACK OF 12 DOILEY TISSUES,28.08
TRANSPARENT ACRYLIC TAPE DISPENSER,27.91
PINK NEW BAROQUE FLOCK CANDLESTICK,27.9
PINK/AMETHYST/GOLD NECKLACE,27.8
"""LETTER """"E"""" BLING KEY RING""",27.25
FRUIT SALAD BAG CHARM,27.04
High Resolution Image,27.0
PINK CHERRY LIGHTS,27.0
GLOW IN DARK DOLPHINS,26.88
ASSORTED COLOURED CIRCLE MOBILE ,26.88
TIGRIS EYE CHUNKY CHARM BRACELET,26.85
DUSTY PINK CHRISTMAS TREE 60CM,26.55
FROG KING WATERING CAN,26.55
TURQ STONE/CRYSTAL EARRINGS,26.55
LARGE MINT DIAMANTE HAIRSLIDE,26.4
KNITTED RABBIT DOLL ,26.4
BEST DAD CANDLE LETTERS,26.35
SILVER DROP EARRINGS WITH FLOWER,26.25
WHITE VINTAGE CRYSTAL EARRINGS,26.25
ENVELOPE 50 CURIOUS IMAGES,26.17
GLITTER SNOW PEAR TREE DECORATION,26.1
SET OF 4 GREEN CAROUSEL COASTERS,26.05
"""LETTER """"S"""" BLING KEY RING""",26.0
"""LETTER """"D"""" BLING KEY RING""",25.71
CHERRY BLOSSOM TABLE CLOCK ,25.7
SWEETHEART CARRY-ALL BASKET,25.5
SILVER BLACK ORBIT DROP EARRINGS,25.5
PAIR OF PINK FLOWER CLUSTER SLIDE,25.5
NEW BAROQUE SMALL NECKLACE BLACK,25.5
GLASS BEAD HOOP NECKLACE AMETHYST,25.5
GLASS BEAD HOOP NECKLACE GREEN,25.5
SET OF 16 VINTAGE IVORY CUTLERY,25.5
WHITE ALLIUM  ARTIFICIAL FLOWER,25.35
IVORY PANTRY HANGING LAMP ,25.0
BELL HEART ANTIQUE GOLD,24.96
SET OF 4 KNICK KNACK TINS  DOILEY ,24.9
AQUA BERTIE GLASS BEAD BAG CHARM,24.9
COPPER AND BRASS BAG CHARM,24.81
GARDEN PATH NOTEBOOK ,24.75
CROCHET BEAR RED/BLUE  KEYRING,24.75
GIRLY PINK TOOL SET,24.75
SILVER LOOKING MIRROR,24.75
VINTAGE ENAMEL & CRYSTAL NECKLACE,24.75
HARDMAN MUG 3 ASSORTED,24.57
MURANO STYLE GLASS BRACELET GOLD,24.5
PAINTED LIGHTBULB RAINBOW DESIGN,24.06
75 BLACK PETIT FOUR CASES,23.94
UNION JACK HOT WATER BOTTLE ,23.8
JET BLACK LAS VEGAS NECKLACE 45CM,23.8
TOAST ITS - DINOSAUR,23.75
SILVER M.O.P. ORBIT NECKLACE,23.6
RABBIT EASTER DECORATION,23.6
GOLD WASHBAG,23.6
PINK GREEN EMBROIDERY COSMETIC BAG,23.6
MIDNIGHT BLUE DROP CRYSTAL NECKLACE,23.6
AMBER GLASS TASSLE BAG CHARM,23.6
PINK PARTY SUNGLASSES,23.4
CANNISTER VINTAGE LEAF DESIGN,23.4
"GARLAND, MAGIC GARDEN 1.8M",23.4
ZINC PLANT POT HOLDER,23.12
PINK FELT EASTER EGG BASKET,23.1
HANGING HEART BASKET,23.1
ZINC T-LIGHT HOLDER STARS LARGE,22.8
PURPLE LAS VEGAS BRACELET ROUND,22.5
PINK CAT FLORAL CUSHION COVER ,22.5
DIAMANTE NECKLACE GREEN,22.5
FIRE POLISHED GLASS BRACELET MONTAN,22.5
GLASS AND PAINTED BEADS BRACELET TO,22.5
ROSE COLOUR PAIR HEART HAIR SLIDES,22.5
FIRE POLISHED GLASS BRACELET RED,22.5
GLASS AND BEADS BRACELET IVORY,22.5
GLASS AND PAINTED BEADS BRACELET OL,22.5
"""LETTER """"M"""" BLING KEY RING""",22.23
S/3 PINK SQUARE PLANTERS ROSES,21.9
"""PEARL & SHELL 42""""NECKL. IVORY""",21.5
BIRD ON BRANCH CANVAS SCREEN,21.45
FLORAL BLUE MONSTER,21.25
ANTIQUE OLIVE GREEN FLOWER EARRINGS,21.25
KEEP CALM BIRTHDAY WRAP,21.0
MURANO STYLE GLASS BRACELET RED,21.0
WRAP A PRETTY THANK YOU,21.0
WRAP GREEN RUSSIAN FOLKART ,21.0
HEAVENS SCENT FRAGRANCE OILS ASSTD,20.88
BLACK GEMSTONE BRACELET,20.85
WOODLAND MINI RUCKSACK ,20.75
BLACK CRYSTAL DROP EARRINGS,20.65
GREEN ENAMEL FLOWER HAIR TIE,20.65
WHITE ENAMEL FLOWER HAIR TIE,20.65
PINK GLASS TASSLE BAG CHARM ,20.65
DROP DIAMANTE EARRINGS BLACK DIAMON,20.65
PURPLE FRANGIPANI NECKLACE,20.4
NECKLACE+BRACELET SET BLUE BLOSSOM,20.4
CRYSTAL STILETTO PHONE CHARM,20.4
CLEAR CRYSTAL STAR PHONE CHARM,20.39
GOLD TEDDY BEAR,20.0
GIANT MEDINA STAMPED METAL BOWL ,19.9
"CAKESTAND, 3 TIER, LOVEHEART",19.9
PINK SMALL JEWELLED PHOTOFRAME,19.8
TURQ PENDANT TRIPLE SHELL NECKLACE,19.8
ENAMEL DINNER PLATE PANTRY,19.8
SILVER BLACK ORBIT BRACELET,19.8
DOORKNOB CRACKED GLAZE GREEN,19.8
DOORKNOB CRACKED GLAZE PINK,19.8
WHITE/PINK MINI CRYSTALS NECKLACE,19.8
DOTCOMGIFTSHOP TEA TOWEL,19.8
GREEN PENDANT TRIPLE SHELL NECKLACE,19.8
YELLOW/ORANGE FLOWER DESIGN PLATE,19.72
FRENCH CHATEAU LARGE FRUIT BOWL ,19.5
"RETRO TIN ASHTRAY,REVOLUTIONARY",19.4
WHITE BEADED GARLAND STRING 20LIGHT,19.05
VINTAGE KEEPSAKE BOX PINK FLOWER,19.05
BAG OF SILVER STONES,18.9
"""LETTER """"I"""" BLING KEY RING""",18.77
CLAM SHELL LARGE,18.75
DAIRY MAID  PUDDING BOWL,18.75
CRYSTAL CHANDELIER T-LIGHT HOLDER,18.75
BIRD BOX CHRISTMAS TREE DECORATION,18.7
"""LETTER """"Y"""" BLING KEY RING""",18.65
"""LETTER """"G"""" BLING KEY RING""",18.5
BLACK FEATHER CHRISTMAS DECORATION,18.24
CUPID SCENTED CANDLE IN GLASS,18.15
BLACK DIAMOND CLUSTER NECKLACE,17.9
 TOADSTOOL BEDSIDE LIGHT ,17.9
VINTAGE GLASS TEA CADDY,17.85
FIRE POLISHED GLASS NECKL BRONZE,17.85
AMBER FINE BEAD NECKLACE W TASSEL,17.85
SILVER/NAT SHELL NECKLACE W PENDANT,17.85
PURPLE FOXGLOVE ARTIIFCIAL FLOWER,17.85
WHITE HEART OF GLASS BRACELET,17.85
MIDNIGHT BLUE COPPER FLOWER NECKLAC,17.85
TROPICAL HOLIDAY PURSE ,17.7
BLACK 3 BEAD DROP EARRINGS,17.7
2 DAISIES HAIR COMB,17.7
GOLD/AMBER DROP EARRINGS W LEAF,17.7
ROUND CACTUS CANDLE,17.7
ANT SILVER TURQUOISE BOUDICCA RING,17.7
DROP DIAMANTE EARRINGS GREEN,17.7
CLASSIC DIAMANTE EARRINGS JET,17.7
PURPLE GLASS TASSLE BAG CHARM,17.7
SILVER/CRYSTAL DROP EARRINGS W LEAF,17.7
PURPLE ENAMEL FLOWER HAIR TIE,17.7
PINK/WHITE CHRISTMAS TREE 30CM,17.48
STORAGE TIN VINTAGE DOILEY ,17.34
JAM JAR WITH BLUE LID,17.28
"""LETTER """"J"""" BLING KEY RING""",17.23
PINK/GREEN FLOWER DESIGN BIG MUG,17.16
ENGLISH ROSE SCENTED HANGING HEART,17.0
GLASS BELL JAR LARGE,17.0
MINT DINER CLOCK,17.0
NEW BAROQUE B'FLY NECKLACE CRYSTAL,17.0
VINTAGE BEAD PINK JEWEL BOX,17.0
NEW BAROQUE B'FLY NECKLACE GREEN,17.0
ANTIQUE MID BLUE FLOWER EARRINGS,17.0
YELLOW FELT HANGING HEART W FLOWER,17.0
GLASS BEAD HOOP NECKLACE BLACK,17.0
GLASS BEAD HOOP NECKLACE MONTANA,17.0
NEW BAROQUE LARGE NECKLACE BLK/WHIT,17.0
BLUE/YELLOW FLOWER DESIGN BIG MUG,16.77
DIAMANTE HAIR GRIP PACK/2 RUBY,16.5
VINTAGE BEAD PINK SHADE ,16.25
BLUE HOLE PUNCH,16.25
PLAYING CARDS VINTAGE DOILEY ,16.25
BLUE SHARK HELICOPTER,15.9
PINK/WHITE RIBBED MELAMINE JUG,15.9
OCEAN STRIPE HAMMOCK ,15.9
GLASS BELL JAR SMALL,15.8
BLUE NETTING STORAGE HANGER,15.6
BLUE EASTER EGG HUNT START POST,15.6
GOLD FLOWER CUSHION COVER ,15.6
MONTANA DIAMOND CLUSTER EARRINGS,15.3
PURPLE/COPPER HANGING LAMPSHADE,15.3
FLOWER FAIRY 5 SUMMER DRAW LINERS,15.3
DAISY HAIR COMB,15.3
"ACRYLIC JEWEL SNOWFLAKE,PINK",15.3
BAKING MOULD TOFFEE CUP  CHOCOLATE,15.3
TINY CRYSTAL BRACELET GREEN,15.3
PINK DAISY BAG CHARM,15.3
LILAC VOTIVE CANDLE,15.12
"""LETTER """"H"""" BLING KEY RING""",15.02
3 PINK HEN+CHICKS IN BASKET,15.0
RUBY GLASS CLUSTER NECKLACE,15.0
PINK ROUND COMPACT MIRROR,15.0
WHITE ROSEBUD & PEARL NECKLACE,15.0
ROSE FLOWER CANDLE+INCENSE 16X16CM,15.0
PINK FLOCK PHOTO FRAME ,15.0
SET OF 6 EASTER RAINBOW CHICKS,15.0
CLASSIC DIAMANTE NECKLACE JET,15.0
SILVER 2 STRAND NECKLACE-LEAF CHARM,15.0
PAINTED HEART WREATH WITH BELL,15.0
DIAMANTE NECKLACE,15.0
PINK FLOCK SUEDE CUSHION COVER ,15.0
PINK/WHITE GLASS DEMI CHOKER,15.0
DIAMANTE NECKLACE BLACK ,15.0
ENAMEL MUG PANTRY,15.0
FOLDING MIRROR RED  ,14.94
FOLDING MIRROR IVORY ,14.94
DIAMANTE HAIR GRIP PACK/2 BLACK DIA,14.85
75 GREEN FAIRY CAKE CASES,14.85
WHITE WITH METAL BAG CHARM,14.85
DIAMANTE HAIR GRIP PACK/2 LT ROSE,14.85
RESIN BRACELET W PASTEL BEADS,14.85
COTE D'AZURE NECKLACE,14.85
GREEN WITH METAL BAG CHARM,14.85
ROSE PENDANT TRIPLE SHELL NECKLACE,14.85
CURIOUS IMAGES SCRAP BOOK SET,14.85
ORANGE PENDANT TRIPLE SHELL NECKLAC,14.85
BLACK GLASS BRACELET W HEART CHARMS,14.85
SILVER/AMETHYST DROP EARRINGS LEAF,14.75
CROCHET ROSE DES CLOTHES HANGER,14.75
PASTEL BLUE PHOTO ALBUM ,14.5
HOLLY TOP CHRISTMAS STOCKING,14.45
YELLOW/PINK FLOWER DESIGN BIG MUG,14.43
CAROUSEL PONIES BABY BIB,14.37
BLUE CHECK BAG W HANDLE 34X20CM,14.11
MURANO STYLE GLASS BRACELET BLACK,14.0
"WALL ART , THE MAGIC FOREST ",13.9
CRYSTAL CZECH CROSS PHONE CHARM,13.69
LIGHT PINK FLOCK GLASS CANDLEHOLDER,13.68
GREEN/BLUE FLOWER DESIGN BIG MUG,13.65
BLUE HANGING GINGHAM EASTER HEN,13.44
PINK HANGING GINGHAM EASTER HEN,13.44
GREEN DROP EARRINGS W BEAD CLUSTER,13.4
CHRISTMAS TABLE CANDLE SILVER SPIKE,13.28
DIAMANTE HAIR GRIP PACK/2 MONTANA,13.2
72 CAKE CASES VINTAGE CHRISTMAS,13.2
GREEN/BLUE CERAMIC CANDLE HOLDER,13.2
WISE MAN STAR SHAPE EGG PAN,13.14
SET/3 TALL GLASS CANDLE HOLDER PINK,12.75
PINK TALL PORCELAIN T-LIGHT HOLDER ,12.75
5 STRAND GLASS NECKLACE AMBER,12.7
5 STRAND GLASS NECKLACE AMETHYST,12.7
BLUE FLOCK CUSHION COVER ,12.5
MARIE ANTOIENETT TRINKET BOX GOLD,12.5
BLUE TEATIME PRINT BOWL ,12.5
LASER CUT MULTI STRAND NECKLACE,11.95
PURPLE CHUNKY GLASS+BEAD NECKLACE,11.95
BLUE WHITE PLASTIC RINGS LAMPSHADE,11.9
BLUE GINGHAM ROSE CUSHION COVER,11.9
PINK BAROQUE FLOCK CANDLE HOLDER,11.9
RED WHITE SCARF  HOT WATER BOTTLE,11.85
GLASS BEAD HOOP EARRINGS AMETHYST,11.8
AMETHYST HOOP EARRING FLORAL LEAF,11.8
ECONOMY HOLIDAY PURSE,11.8
GLASS BEAD HOOP EARRINGS BLACK,11.8
BLUE BREAKFAST CUP AND SAUCER ,11.8
"ACRYLIC JEWEL ICICLE, BLUE",11.78
POP ART PUSH DOWN RUBBER ,11.76
BLUE GREEN EMBROIDERY COSMETIC BAG,11.69
QUEEN OF THE SKIES HOLIDAY PURSE ,11.69
SMALL SINGLE FLAME CANDLE HOLDER,11.55
SET/4 GARDEN ROSE DINNER CANDLE,11.55
ASS COL SMALL SAND GECKO P'WEIGHT,11.34
PINK HEART RED HANDBAG,11.31
PINK EASTER HENS+FLOWER,11.25
JET BLACK LAS VEGAS BRACELET ROUND,11.25
GINGHAM OVEN GLOVE RED HEART ,11.25
"FOOD COVER WITH BEADS , SET 2 SIZES",11.25
THE KING GIFT BAG,11.05
"""LETTER """"P"""" BLING KEY RING""",11.0
YELLOW PINK FLOWER DESIGN BIG BOWL,10.92
THE KING GIFT BAG 25x24x12cm,10.92
"S/4 ICON COASTER,ELVIS LIVES",10.61
FLAG OF ST GEORGE CAR FLAG,10.5
WRAP  PINK FLOCK,10.5
WRAP BLUE RUSSIAN FOLKART,10.5
FOLKART CHRISTMAS TREE T-LIGHT HOLD,10.26
FOLKART ZINC STAR CHRISTMAS DEC,10.2
BLUE ORGANDY ROUND LAMPSHADE W BEA,10.2
MULTICOLOUR POLKADOT PLATE,10.2
PINK BOUDOIR T-LIGHT HOLDER,10.2
LILAC GAUZE BUTTERFLY LAMPSHADE,10.08
"""LETTER """"N"""" BLING KEY RING""",10.02
POCKET MIRROR WOODLAND,10.0
ZINC STAR T-LIGHT HOLDER ,10.0
PINK CHRISTMAS FLOCK DROPLET ,10.0
S/2 BEACH HUT TREASURE CHESTS,9.95
DIAMANTE HAIR GRIP PACK/2 CRYSTAL,9.9
GOLD M.O.P ORBIT BRACELET,9.9
LARGE CRYSTAL DIAMANTE HAIRSLIDE,9.9
DIAMANTE HAIR GRIP PACK/2 PERIDOT,9.9
LILAC FEATHERS CURTAIN,9.48
HAND PAINTED HANGING EASTER EGG,9.24
ENAMEL BLUE RIM TEA CONTAINER,9.18
AMBER GLASS/SHELL/PEARL NECKLACE,8.95
VINTAGE NOTEBOOK BEAUTY GIRL,8.85
RED ROSE AND LACE C/COVER,8.85
FOLDING SHOE TIDY,8.85
RED PURSE WITH PINK HEART,8.75
CUTE BIRD CEATURE SCREEN,8.58
WHITE MURANO TWIST BRACELET,8.5
WHITE FRANGIPANI HAIR CLIP,8.5
BEADED LOVE HEART JEWELLERY SET,8.5
SILVER BOOK MARK WITH BEADS,8.5
M/COLOUR POM-POM CURTAIN,8.5
NEW BAROQUE B'FLY NECKLACE PINK,8.5
ANTIQUE RASPBERRY FLOWER EARRINGS,8.5
ANTIQUE OPAL WHITE FLOWER EARRINGS,8.5
HEART SHAPED MIRROR,8.45
LADLE LOVE HEART PINK,7.98
SET/3 FLORAL GARDEN TOOLS IN BAG,7.95
PSYCHEDELIC METAL SIGN CALENDAR,7.9
MAXWELL 2 TONE BLUE 60 PAGE PHOTO A,7.85
FRESHWATER PEARL BRACELET GOLD,7.65
HANGING BUTTERFLY  EGG,7.65
SILICON STAR BULB  BLUE,7.56
BLACK PHOTO ALBUM ,7.5
3 WICK CHRISTMAS BRIAR CANDLE ,7.5
BAROQUE BUTTERFLY EARRINGS BLACK,7.5
PINK CHERRY BLOSSOM CUP & SAUCER,7.5
EIGHT PIECE CREEPY CRAWLIE SET,7.5
BLUE STRIPES SHOULDER BAG,7.47
A4 WALL TIDY RED FLOWERS,7.37
JARDIN ETCHED GLASS BUTTER DISH,7.25
ARMY CAMO BOOKCOVER TAPE,7.14
PEARL AND CHERRY QUARTZ BRACLET,7.0
PURPLE ANEMONE ARTIFICIAL FLOWER,6.76
BLACK VINT ART DEC CRYSTAL BRACELET,6.75
SPOTS ON RED BOOKCOVER TAPE,6.72
ELEPHANT CLIP W SUCTION CUP,6.72
BLUE/YELLOW CERAMIC CANDLE HOLDER,6.6
LARGE BLACK DIAMANTE HAIRSLIDE,6.6
PINK GAUZE BUTTERFLY LAMPSHADE,6.3
ASSORTED COLOUR SILK GLASSES CASE,6.3
"""LETTER """"R"""" BLING KEY RING""",6.27
"""POCKET MIRROR """"GLAMOROUS""""""",6.25
TURQUOISE CHRISTMAS TREE ,6.25
BLING KEY RING STAND,6.25
"""LETTER """"V"""" BLING KEY RING""",5.98
BLUE/NAT SHELL NECKLACE W PENDANT,5.95
BLACK FLOWER CANDLE PLATE,5.95
FIRE POLISHED GLASS NECKL GOLD,5.95
BLUE/GREEN SHELL NECKLACE W PENDANT,5.95
RASTA IN BATH W SPLIFF ASHTRAY,5.95
BLACK FINE BEAD NECKLACE W TASSEL,5.95
GOLD M.O.P. ORBIT NECKLACE,5.9
ST GEORGE SET OF 10 PARTY LIGHTS,5.9
WHITE CHRISTMAS TREE 60CM,5.9
HEN HOUSE WITH CHICK STANDING,5.88
"PET MUG, GOLDFISH",5.59
WINE BOTTLE DRESSING DARK BLUE,5.5
MUMMY MOUSE RED GINGHAM RIBBON,5.45
SET OF 3 PINK FLYING DUCKS,5.45
ROUND ARTICULATED PINK CLOCK W/SUCK,5.32
ENVELOPE 50 ROMANTIC IMAGES,5.1
NEW ENGLAND MUG W GIFT BOX,5.1
CLEAR STATIONERY BOX SET ,5.1
POLYESTER FILLER PAD 60x40cm,5.1
DROP EARRINGS W FLOWER & LEAF,5.1
BLUE FELT HANGING HEART WITH FLOWER,5.1
IVORY SHELL HEART EARRINGS,5.1
BLOSSOM IMAGES SCRAP BOOK SET,4.95
VINTAGE BEAD PINK JEWEL STAND,4.95
JADE CRYSTAL+GLASS BRACELET,4.95
"""LETTER """"B"""" BLING KEY RING""",4.73
BLUE NEW BAROQUE FLOCK CANDLESTICK,4.65
METAL BASE FOR CANDLES,4.62
"SILICON CUBE 25W, BLUE",4.62
PINK FLUFFY CHRISTMAS DECORATION,4.56
3 BLACK CATS W HEARTS BLANK CARD,4.56
PINK ACRYLIC JEWEL SNOWFLAKE,4.56
"GREETING CARD, TWO SISTERS.",4.56
FLOWER PURPLE CLOCK WITH SUCKER,4.35
CUTE RABBIT CEATURE SCREEN ,4.29
POTTING SHED SOW 'N' GROW SET,4.25
FLOWER PURPLE CLOCK W/SUCKER,4.25
BLUE PADDED SOFT MOBILE,4.25
UBO-LIGHT TRIOBASE PURPLE,4.25
CAKE STAND LACE WHITE,4.25
FRYING PAN RED POLKADOT ,4.25
GOLD COSMETIC BAG PINK STAR,4.2
LIGHT DECORATION BATTERY OPERATED,4.2
 I LOVE LONDON MINI RUCKSACK,4.15
ASSTD RASTA KEY-CHAINS,3.78
BLUE CRUSOE CHECK LAMPSHADE,3.78
"""LETTER """"F"""" BLING KEY RING""",3.77
FIRE POLISHED GLASS BRACELET BLACK,3.75
ROBOT MUG IN DISPLAY BOX,3.75
BAROQUE BUTTERFLY EARRINGS CRYSTAL,3.75
GOLD PRINT PAPER BAG,3.61
FOLDING CAMPING SCISSOR W/KNIF & S,3.6
PASTEL PINK PHOTO ALBUM ,3.5
"""LETTER """"W"""" BLING KEY RING""",3.48
"""LETTER """"T"""" BLING KEY RING""",3.48
"""LETTER """"Z"""" BLING KEY RING""",3.48
"""LETTER """"O"""" BLING KEY RING""",3.48
"""LETTER """"U"""" BLING KEY RING""",3.48
UBO-LIGHT TRIOBASE BLUE,3.4
WHITE ANEMONE ARTIFICIAL FLOWER,3.38
PURPLE/BLUE CERAMIC CANDLE HOLDER,3.3
HEARTS WRAPPING TAPE ,3.25
WINE BOTTLE DRESSING LT.BLUE,3.04
SET 10 CARDS HANGING BAUBLES 17080,2.99
WHITE STONE/CRYSTAL EARRINGS,2.95
CHERRY BLOSSOM PURSE,2.95
MIDNIGHT BLUE CRYSTAL DROP EARRINGS,2.95
BLACK DROP EARRINGS W LONG BEADS,2.95
SILVER AND BLACK ORBIT NECKLACE,2.95
CRACKED GLAZE EARRINGS BROWN,2.55
WHITE ROSEBUD  PEARL EARRINGS,2.55
CRACKED GLAZE EARRINGS RED,2.55
NECKLACE+BRACELET SET PINK DAISY,2.55
INCENSE BAZAAR PEACH,2.52
LADLE LOVE HEART RED ,2.52
PURPLE/TURQ FLOWERS HANDBAG,2.5
PINK CRYSTAL SKULL PHONE CHARM,2.47
HAPPY BIRTHDAY CARD STRIPEY TEDDY,2.47
BIG POLKADOT MUG,2.34
GREEN POP ART MAO CUSHION COVER ,2.28
DOLPHIN WINDMILL,2.12
AMBER BERTIE GLASS BEAD BAG CHARM,2.1
SCALLOP SHELL SOAP DISH,2.1
SET/6 IVORY BIRD T-LIGHT CANDLES,2.1
TEA TIME BREAKFAST BASKET,2.1
3 BIRDS CANVAS SCREEN,2.04
PINK POLKADOT KIDS BAG,1.95
EASTER CRAFT IVY WREATH WITH CHICK,1.95
CROCHET LILAC/RED BEAR KEYRING,1.65
FLOWER SHOP DESIGN MUG,1.65
CROCHET DOG KEYRING,1.65
ORANGE FLOWER MUG ,1.56
CHAMPAGNE TRAY BLANK CARD,1.52
ROBIN CHRISTMAS CARD,1.26
BLUE LEAVES AND BEADS PHONE CHARM,1.25
DUSTY PINK CHRISTMAS TREE 30CM,1.25
BLACKCHRISTMAS TREE 30CM,1.25
SET 36 COLOURING PENCILS DOILEY,1.25
PACK 4 FLOWER/BUTTERFLY PATCHES,1.25
RUBY GLASS CLUSTER EARRINGS,1.25
ORANGE FELT VASE + FLOWERS,1.25
FUNKY MONKEY MUG,1.25
60 GOLD AND SILVER FAIRY CAKE CASES,1.1
CAT WITH SUNGLASSES BLANK CARD,0.95
HAPPY BIRTHDAY CARD TEDDY/CAKE,0.95
PURPLE FRANGIPANI HAIRCLIP,0.85
PINK CRYSTAL GUITAR PHONE CHARM,0.85
VINTAGE BLUE TINSEL REEL,0.84
SET 12 COLOURING PENCILS DOILEY,0.65
HEN HOUSE W CHICK IN NEST,0.42
